"id_1","id_2","cmp_fname_c1","cmp_fname_c2","cmp_lname_c1","cmp_lname_c2","cmp_sex","cmp_bd","cmp_bm","cmp_by","cmp_plz","Class"
45070,94278,1,NA,1,NA,1,1,1,1,1,"TRUE"
23538,37445,1,NA,1,NA,1,1,1,1,1,"TRUE"
65520,65521,1,NA,1,NA,1,1,1,1,1,"TRUE"
25327,69326,1,1,1,NA,1,1,1,1,0,"TRUE"
18980,28473,1,NA,1,NA,1,1,1,1,1,"TRUE"
56753,57641,1,NA,1,NA,1,1,1,1,1,"TRUE"
66903,83107,1,NA,1,NA,1,1,1,1,1,"TRUE"
58407,58604,1,NA,1,NA,1,1,1,1,1,"TRUE"
70117,80112,1,NA,1,NA,1,1,1,1,1,"TRUE"
44505,72586,1,NA,1,NA,1,1,1,0,1,"TRUE"
24576,29133,1,NA,1,NA,1,1,1,1,1,"TRUE"
24930,27893,1,NA,1,NA,1,1,1,1,1,"TRUE"
26465,39571,1,NA,1,NA,1,1,1,1,1,"TRUE"
25429,40979,1,1,1,NA,1,1,1,1,1,"TRUE"
22385,30521,1,NA,1,NA,1,1,1,1,1,"TRUE"
45285,87444,1,NA,0.857142857142857,NA,1,1,1,1,1,"TRUE"
81617,81619,1,NA,1,NA,1,1,1,1,1,"TRUE"
46068,84440,0,NA,0.181818181818182,NA,0,1,1,1,0,"FALSE"
11961,37851,1,NA,0.0909090909090909,NA,1,0,1,0,0,"FALSE"
45569,78209,1,NA,0.2,NA,1,0,1,0,0,"FALSE"
3558,8097,1,NA,0.285714285714286,NA,1,0,1,0,0,"FALSE"
37280,73826,0.333333333333333,NA,1,NA,1,0,0,0,0,"FALSE"
81836,88846,0.4,NA,0.4,NA,1,0,0,1,0,"FALSE"
65119,91564,1,NA,0.142857142857143,NA,1,1,0,0,0,"FALSE"
42119,85922,1,NA,0.363636363636364,NA,1,1,0,0,0,"FALSE"
19091,40104,1,NA,0.111111111111111,NA,1,0,1,0,1,"FALSE"
15058,82335,0.142857142857143,NA,0.857142857142857,NA,1,0,0,0,0,"FALSE"
27195,91296,0.166666666666667,NA,0.1,NA,1,1,1,1,0,"FALSE"
9532,92967,1,NA,0.222222222222222,NA,1,0,1,0,0,"FALSE"
15937,80883,0.25,NA,0.714285714285714,NA,1,0,0,0,NA,"FALSE"
46598,92624,1,NA,0.142857142857143,NA,1,0,1,0,0,"FALSE"
39170,94227,1,NA,0.142857142857143,NA,1,0,0,1,0,"FALSE"
24540,70858,0.333333333333333,NA,1,NA,1,0,0,0,0,"FALSE"
65210,72254,0.4,NA,0.0909090909090909,NA,0,0,1,0,0,"FALSE"
12815,22339,0.4,NA,0.333333333333333,NA,1,0,1,0,0,"FALSE"
22544,73090,0,NA,1,NA,1,0,0,0,0,"FALSE"
57895,96364,1,NA,0,NA,1,0,1,0,0,"FALSE"
52063,66578,1,NA,0.333333333333333,NA,0,0,1,1,0,"FALSE"
42664,68190,0.5,NA,0.833333333333333,NA,1,0,0,0,0,"FALSE"
8929,66910,0.2,NA,0.5,NA,1,0,0,0,0,"FALSE"
38557,48816,1,NA,0.166666666666667,NA,1,0,0,1,0,"FALSE"
21952,85711,0,NA,1,NA,1,0,1,0,0,"FALSE"
38763,98888,1,NA,0.285714285714286,NA,1,0,1,1,0,"FALSE"
37461,48542,1,NA,0,NA,1,1,0,0,0,"FALSE"
75635,77680,1,NA,0.1,NA,1,0,1,0,0,"FALSE"
34783,66227,0.222222222222222,NA,0.777777777777778,NA,1,0,0,0,0,"FALSE"
26113,43794,0.1,NA,1,NA,1,0,0,0,0,"FALSE"
33550,63616,0.75,NA,0,NA,1,0,1,0,0,"FALSE"
41996,43733,1,NA,0,NA,1,1,0,0,0,"FALSE"
60550,98599,1,NA,0.2,NA,1,0,0,1,0,"FALSE"
50649,54644,0.5,NA,1,NA,1,0,1,0,0,"FALSE"
27774,76139,0,NA,0.25,NA,0,1,1,1,0,"FALSE"
22987,70804,0.333333333333333,NA,0.428571428571429,NA,1,0,0,0,0,"FALSE"
2908,50648,0.666666666666667,NA,1,NA,1,0,1,0,0,"FALSE"
58596,76285,0.4,NA,0.1,NA,1,0,1,1,0,"FALSE"
17921,66542,1,NA,0.1,NA,1,1,0,0,0,"FALSE"
19881,86510,1,NA,0.0909090909090909,NA,1,0,1,0,0,"FALSE"
3815,56690,0.222222222222222,NA,1,NA,1,0,0,0,0,"FALSE"
54087,80647,1,NA,0.3,NA,1,0,0,1,0,"FALSE"
48688,83042,1,NA,0.25,NA,1,1,0,0,0,"FALSE"
36945,82556,1,NA,0,NA,1,0,1,0,0,"FALSE"
15487,59338,0.166666666666667,NA,0.111111111111111,NA,1,1,1,1,0,"FALSE"
21619,50900,1,NA,0.272727272727273,NA,1,0,0,1,0,"FALSE"
47609,71680,1,NA,0.111111111111111,NA,1,1,0,0,0,"FALSE"
19444,25831,1,NA,0.125,NA,1,0,0,1,0,"FALSE"
12245,21250,0.75,NA,0.2,NA,1,0,1,0,0,"FALSE"
39946,52128,1,NA,0.142857142857143,NA,1,1,1,0,0,"FALSE"
6931,43710,1,NA,0,NA,1,0,1,0,0,"FALSE"
29558,34450,1,NA,0.181818181818182,NA,1,1,0,0,0,"FALSE"
7962,23378,1,NA,0.4,NA,1,0,0,1,0,"FALSE"
65527,81477,0.444444444444444,NA,1,NA,1,0,0,0,0,"FALSE"
33682,50669,0.142857142857143,NA,1,NA,1,0,0,0,0,"FALSE"
53769,65207,1,NA,0.142857142857143,NA,1,0,1,0,0,"FALSE"
28726,85592,0,NA,0.875,NA,1,0,0,0,0,"FALSE"
70098,85712,1,NA,0.142857142857143,NA,1,0,1,0,0,"FALSE"
5902,20457,1,NA,0.3,NA,1,0,1,1,0,"FALSE"
23944,77682,0.222222222222222,NA,0.833333333333333,NA,1,0,0,0,0,"FALSE"
37876,68689,1,NA,0.1,NA,1,0,0,1,0,"FALSE"
12135,92902,0.111111111111111,NA,0.875,NA,1,0,0,0,0,"FALSE"
24463,26806,1,NA,0,NA,1,0,1,0,0,"FALSE"
31211,49111,0.125,NA,0.714285714285714,NA,1,0,0,0,0,"FALSE"
42106,95574,1,NA,0,NA,1,0,1,0,0,"FALSE"
84380,96302,0.125,NA,0.166666666666667,NA,1,1,1,1,0,"FALSE"
36384,63392,0.333333333333333,NA,1,NA,1,0,0,0,0,"FALSE"
81015,97719,1,NA,0.111111111111111,NA,1,0,1,0,0,"FALSE"
38853,99206,1,NA,0.2,NA,1,0,1,0,0,"FALSE"
15303,66765,1,NA,0,NA,1,0,1,0,0,"FALSE"
53562,63843,1,NA,0.363636363636364,NA,1,0,1,0,0,"FALSE"
23544,26378,0,NA,0.166666666666667,NA,0,1,1,1,0,"FALSE"
64857,76239,0.5,NA,0,NA,1,0,1,0,0,"FALSE"
20015,44756,1,NA,0.111111111111111,NA,1,0,1,0,0,"FALSE"
53247,66689,1,NA,0.166666666666667,NA,1,0,1,0,0,"FALSE"
87422,97679,1,NA,0.272727272727273,NA,1,1,0,1,0,"FALSE"
48890,71321,1,NA,0.111111111111111,NA,1,0,0,1,0,"FALSE"
90601,91165,1,1,0.285714285714286,NA,1,0,1,0,0,"FALSE"
42108,86380,0.4,NA,0.333333333333333,NA,1,0,1,0,0,"FALSE"
16860,52925,1,NA,0,NA,1,0,1,0,0,"FALSE"
86168,91180,1,NA,0.111111111111111,NA,1,0,1,0,0,"FALSE"
20387,22855,1,NA,0,NA,1,0,0,1,0,"FALSE"
13276,17893,1,NA,0.2,NA,1,1,0,0,0,"FALSE"
15520,46260,1,NA,0,NA,1,0,1,0,0,"FALSE"
57469,86095,1,NA,0.111111111111111,NA,1,0,1,0,0,"FALSE"
36971,86129,0.222222222222222,NA,1,NA,1,0,0,0,0,"FALSE"
32632,99927,1,NA,0.4,NA,1,1,0,0,0,"FALSE"
87265,90279,0.166666666666667,NA,0.5,NA,1,0,0,0,0,"FALSE"
49389,79615,1,NA,0,NA,1,0,1,0,0,"FALSE"
63150,81774,1,NA,0.6,NA,1,0,0,1,0,"FALSE"
22344,80998,1,NA,0.222222222222222,NA,1,0,0,1,0,"FALSE"
18039,93639,1,NA,0.166666666666667,NA,1,0,0,1,0,"FALSE"
75029,84337,0.166666666666667,NA,0.4,NA,1,0,1,0,0,"FALSE"
2132,30169,1,NA,0,NA,1,1,0,0,0,"FALSE"
67442,96429,0.2,NA,1,NA,1,0,0,0,0,"FALSE"
61393,62031,0.285714285714286,NA,0.8,NA,1,0,0,0,0,"FALSE"
46266,47440,1,NA,0,NA,1,0,1,0,0,"FALSE"
23117,84420,0.142857142857143,NA,1,NA,1,0,0,0,0,"FALSE"
44750,55404,1,NA,0.166666666666667,NA,1,0,1,0,0,"FALSE"
27825,97239,0.875,NA,0.1,NA,1,0,1,0,0,"FALSE"
10129,97339,0.333333333333333,NA,1,NA,1,0,0,0,0,"FALSE"
46614,53999,1,NA,0,NA,1,0,1,0,0,"FALSE"
6094,65428,1,NA,0,NA,1,0,1,0,0,"FALSE"
36832,99787,1,NA,0,NA,1,1,0,0,0,"FALSE"
70385,78155,0.333333333333333,NA,0.75,NA,1,0,0,0,0,"FALSE"
19023,86439,1,NA,0,NA,1,1,0,1,0,"FALSE"
72395,81346,1,NA,0,NA,1,0,0,1,0,"FALSE"
25063,91034,1,NA,0,NA,1,0,0,1,0,"FALSE"
1898,97212,1,NA,0.444444444444444,NA,1,0,0,1,0,"FALSE"
14792,23946,1,NA,0,NA,1,0,1,0,0,"FALSE"
15480,18007,1,NA,0.0909090909090909,NA,1,0,1,0,0,"FALSE"
25375,86439,1,NA,0,NA,1,1,0,0,0,"FALSE"
17711,31461,1,NA,1,NA,1,0,0,0,0,"FALSE"
42788,56725,1,NA,0.2,NA,1,0,1,0,0,"FALSE"
4918,12101,1,NA,0.142857142857143,NA,1,0,1,0,0,"FALSE"
8181,43910,1,NA,0.2,NA,1,1,1,0,0,"FALSE"
74497,86093,0.333333333333333,NA,1,NA,1,0,0,0,0,"FALSE"
1468,39526,0.25,NA,1,NA,1,0,0,0,0,"FALSE"
96092,99736,0,NA,1,NA,1,1,0,0,0,"FALSE"
1497,17523,1,NA,0.285714285714286,NA,1,0,0,1,0,"FALSE"
19806,22481,1,1,0.0909090909090909,NA,1,0,0,1,0,"FALSE"
25741,92838,1,NA,0.428571428571429,NA,1,0,1,0,0,"FALSE"
43401,87870,1,NA,0,NA,1,0,1,0,0,"FALSE"
57955,76536,0.166666666666667,NA,0,NA,0,1,1,1,0,"FALSE"
33361,34363,1,NA,0.2,NA,1,0,0,1,0,"FALSE"
34051,40796,1,NA,0,NA,1,0,1,0,0,"FALSE"
27969,86412,0.875,NA,0,NA,1,0,1,0,0,"FALSE"
7172,54188,1,NA,0,NA,1,0,1,0,0,"FALSE"
26740,38363,1,NA,0.1,NA,1,0,1,0,0,"FALSE"
41096,48639,1,NA,0,NA,1,0,1,0,0,"FALSE"
5227,72062,0.166666666666667,NA,0.285714285714286,NA,1,1,1,1,0,"FALSE"
75422,89335,0.166666666666667,NA,0.666666666666667,NA,1,0,0,0,0,"FALSE"
26167,57788,1,NA,0.125,NA,1,0,1,0,0,"FALSE"
7688,15212,1,NA,0.428571428571429,NA,1,0,1,0,0,"FALSE"
65950,72214,1,NA,0,NA,1,0,1,0,0,"FALSE"
4564,74642,1,NA,0.25,NA,1,0,1,0,0,"FALSE"
17322,37658,1,NA,0.111111111111111,NA,1,0,1,0,0,"FALSE"
5798,27765,1,NA,0.454545454545455,NA,1,1,0,0,0,"FALSE"
57807,77127,1,NA,0.111111111111111,NA,0,0,1,0,0,"FALSE"
65119,98960,0,NA,0.714285714285714,NA,1,0,0,0,0,"FALSE"
11683,75965,0.125,NA,1,NA,1,0,0,0,0,"FALSE"
47531,90719,1,NA,0.1,NA,1,0,1,0,0,"FALSE"
67219,95403,1,NA,0.272727272727273,NA,1,0,0,1,0,"FALSE"
16087,50525,1,NA,0.111111111111111,NA,1,0,0,1,0,"FALSE"
14954,77751,1,NA,0.125,NA,1,0,1,0,0,"FALSE"
31777,75883,1,NA,0.222222222222222,NA,1,1,1,0,0,"FALSE"
10335,77571,0.666666666666667,NA,0.1,NA,0,0,1,0,0,"FALSE"
1185,38287,1,NA,0.222222222222222,NA,1,0,0,1,0,"FALSE"
47370,94594,0.75,NA,0.2,NA,1,0,1,0,0,"FALSE"
15350,60672,1,NA,0.142857142857143,NA,1,0,1,0,0,"FALSE"
30348,56251,1,NA,0,NA,1,0,1,0,0,"FALSE"
74291,75536,0.285714285714286,NA,0.428571428571429,NA,1,0,0,0,0,"FALSE"
12758,21499,0.5,NA,1,NA,1,0,0,0,0,"FALSE"
380,8849,0.4,NA,0.285714285714286,NA,1,0,1,0,0,"FALSE"
19559,84380,1,1,0.230769230769231,NA,1,0,1,0,0,"FALSE"
36247,70390,1,NA,0.0769230769230769,NA,1,0,1,0,0,"FALSE"
21036,67748,1,NA,0,NA,1,0,1,0,0,"FALSE"
50528,92075,1,NA,0,NA,1,0,0,1,0,"FALSE"
1680,37047,0.875,NA,0.1,NA,1,0,1,0,0,"FALSE"
22217,42044,1,NA,0,NA,1,0,1,0,0,"FALSE"
34880,39928,1,NA,0.25,NA,1,1,1,0,0,"FALSE"
45816,91275,0,NA,1,NA,1,0,0,0,0,"FALSE"
11651,21553,1,NA,0.333333333333333,NA,1,1,0,0,0,"FALSE"
53735,71520,1,NA,0.222222222222222,NA,1,0,1,0,0,"FALSE"
23124,72226,1,NA,0,NA,1,0,0,1,0,"FALSE"
991,68684,1,NA,0.285714285714286,NA,1,0,1,0,0,"FALSE"
34859,82767,1,NA,0.111111111111111,NA,1,0,0,1,0,"FALSE"
77577,80626,1,NA,0,NA,1,0,1,0,0,"FALSE"
37238,56411,1,NA,0.2,NA,1,1,0,0,0,"FALSE"
27127,87936,0,NA,0.857142857142857,NA,1,0,0,0,0,"FALSE"
31848,84245,0.166666666666667,NA,1,NA,1,0,1,0,0,"FALSE"
74514,78373,1,NA,0.125,NA,0,0,1,0,NA,"FALSE"
18124,42011,1,NA,0.181818181818182,NA,1,0,1,0,0,"FALSE"
39771,65251,1,NA,0,NA,1,1,0,0,0,"FALSE"
46640,89331,0.111111111111111,NA,1,NA,1,0,0,0,0,"FALSE"
36138,58237,1,NA,0.333333333333333,NA,1,1,0,0,0,"FALSE"
38713,42884,0,NA,1,NA,1,0,0,0,0,"FALSE"
25784,51225,0.111111111111111,NA,0.857142857142857,NA,1,0,0,0,0,"FALSE"
79062,94851,1,NA,0.2,NA,1,1,0,0,0,"FALSE"
22723,27407,0.75,NA,0.333333333333333,NA,1,1,0,0,0,"FALSE"
20837,24967,1,NA,0,NA,1,0,0,1,0,"FALSE"
1735,35522,0.125,NA,0.111111111111111,NA,0,1,1,1,0,"FALSE"
28873,71439,1,NA,0.285714285714286,NA,1,1,0,0,0,"FALSE"
45370,59243,1,NA,0.125,NA,1,0,0,1,0,"FALSE"
28964,76920,1,1,0,NA,1,1,0,1,0,"FALSE"
12486,82763,0.428571428571429,NA,0.4,NA,1,0,0,0,0,"FALSE"
34536,89551,0.142857142857143,NA,0.25,NA,0,1,1,1,0,"FALSE"
37992,76551,1,NA,0.0909090909090909,NA,1,0,0,1,0,"FALSE"
50409,90398,1,NA,0.0769230769230769,NA,1,0,1,0,0,"FALSE"
12808,94838,1,NA,0.166666666666667,NA,1,0,0,1,0,"FALSE"
70311,87116,1,NA,0.142857142857143,NA,1,0,0,1,0,"FALSE"
15605,34287,0.222222222222222,NA,0.6,NA,1,0,0,0,0,"FALSE"
56869,64490,0.222222222222222,NA,1,NA,1,0,0,0,0,"FALSE"
43296,82089,1,NA,0,NA,1,1,0,0,0,"FALSE"
15848,44217,0.142857142857143,NA,0.857142857142857,NA,1,0,0,0,0,"FALSE"
3904,33150,0.5,NA,0.125,NA,1,0,1,0,0,"FALSE"
4375,75186,0.25,NA,0.333333333333333,NA,1,1,1,0,0,"FALSE"
14231,14553,1,NA,0,NA,1,1,0,0,0,"FALSE"
15741,99084,1,NA,0.285714285714286,NA,1,0,1,0,0,"FALSE"
28176,77287,1,NA,0,NA,1,1,0,0,0,"FALSE"
11873,68817,1,NA,0.181818181818182,NA,1,1,0,0,0,"FALSE"
4655,21106,1,NA,0.125,NA,1,0,1,0,0,"FALSE"
26699,59444,0.222222222222222,NA,1,NA,1,0,0,0,0,"FALSE"
79741,86707,1,NA,0,NA,1,0,1,0,0,"FALSE"
69236,93112,0.222222222222222,NA,0.833333333333333,NA,1,0,0,0,0,"FALSE"
47775,91638,0.111111111111111,NA,0,NA,1,1,0,0,0,"FALSE"
9376,59985,0.142857142857143,NA,0.166666666666667,NA,1,1,1,1,0,"FALSE"
7381,89173,1,NA,0,NA,1,1,0,0,0,"FALSE"
60437,94543,0.222222222222222,NA,1,NA,1,0,0,0,0,"FALSE"
24864,77180,1,NA,0.181818181818182,NA,1,0,1,0,0,"FALSE"
18665,43977,0.222222222222222,NA,1,NA,1,0,0,0,0,"FALSE"
9565,30624,0.428571428571429,NA,1,NA,1,0,0,0,0,"FALSE"
17205,82385,0,NA,1,NA,1,0,0,0,0,"FALSE"
37198,61836,1,NA,0,NA,1,1,0,0,0,"FALSE"
7484,9403,0.222222222222222,NA,1,NA,1,0,0,0,0,"FALSE"
68521,82573,1,NA,0.166666666666667,NA,1,0,0,1,0,"FALSE"
10704,82663,0.285714285714286,NA,0.857142857142857,NA,1,0,0,0,0,"FALSE"
69990,98653,1,NA,0,NA,1,0,1,0,0,"FALSE"
17755,71858,0,NA,1,NA,1,0,0,0,0,"FALSE"
59129,74388,0.111111111111111,NA,0.75,NA,1,0,0,0,0,"FALSE"
5460,34833,0.166666666666667,NA,0.625,NA,1,0,0,0,0,"FALSE"
15958,17708,1,NA,0,NA,1,0,0,1,0,"FALSE"
63618,67716,1,NA,0.222222222222222,NA,1,0,1,0,0,"FALSE"
59871,86623,1,NA,0.166666666666667,NA,1,0,0,1,0,"FALSE"
28071,79030,1,NA,0.142857142857143,NA,1,0,0,1,0,"FALSE"
15716,39072,1,NA,0.111111111111111,NA,1,0,1,0,0,"FALSE"
23913,49259,1,NA,0,NA,1,0,1,0,0,"FALSE"
7966,11398,0.4,NA,0.375,NA,1,0,0,1,0,"FALSE"
32039,64911,0.6,NA,0.181818181818182,NA,1,0,1,0,0,"FALSE"
32693,39407,0.4,NA,0.333333333333333,NA,1,0,1,0,0,"FALSE"
17237,87782,0.4,NA,0.222222222222222,NA,1,0,1,0,0,"FALSE"
3742,97695,0.2,NA,0.857142857142857,NA,1,0,0,0,0,"FALSE"
86663,93764,1,NA,0.0833333333333334,NA,1,1,0,0,0,"FALSE"
29138,77412,0.25,NA,0.25,NA,1,1,1,1,0,"FALSE"
33885,65758,1,NA,0.285714285714286,NA,1,1,0,0,0,"FALSE"
35005,88779,0,NA,1,NA,1,0,0,1,0,"FALSE"
72145,74169,0.222222222222222,NA,0,NA,1,1,1,1,0,"FALSE"
9244,77558,1,NA,0.125,NA,1,0,0,1,0,"FALSE"
6830,82146,1,NA,0.142857142857143,NA,1,0,1,0,0,"FALSE"
56603,88239,0.5,NA,1,NA,1,0,0,0,0,"FALSE"
9014,55112,1,NA,0.272727272727273,NA,1,0,0,1,0,"FALSE"
78308,85076,1,NA,0,NA,1,0,1,0,0,"FALSE"
3572,29674,1,NA,0.25,NA,1,0,1,0,0,"FALSE"
25841,61644,1,NA,0,NA,1,0,1,0,0,"FALSE"
34903,76946,0,NA,1,NA,1,0,0,0,0,"FALSE"
29110,69097,1,NA,0.125,NA,1,0,1,1,0,"FALSE"
28953,81274,1,NA,0,NA,1,1,0,0,0,"FALSE"
11932,14744,1,NA,0,NA,1,0,0,1,0,"FALSE"
62975,92245,1,1,0.25,NA,1,1,0,0,0,"FALSE"
27571,90605,1,NA,0.571428571428571,NA,1,1,0,0,0,"FALSE"
13329,23388,1,NA,0.125,NA,1,0,0,1,0,"FALSE"
38738,54805,1,NA,0,NA,1,0,1,0,0,"FALSE"
29564,44848,1,NA,0.222222222222222,NA,1,0,1,0,0,"FALSE"
29564,49659,1,NA,0.222222222222222,NA,1,1,0,0,0,"FALSE"
75421,85904,1,NA,0.571428571428571,NA,1,0,1,0,0,"FALSE"
70723,93446,1,NA,0.142857142857143,NA,1,0,0,1,0,"FALSE"
84576,90463,1,NA,0,NA,1,0,1,0,0,"FALSE"
25910,73066,0.4,NA,0.4,NA,1,0,0,0,0,"FALSE"
13946,55944,1,NA,0.555555555555556,NA,1,0,1,0,0,"FALSE"
16252,89630,0.125,NA,0.5,NA,1,0,0,0,0,"FALSE"
67780,74883,0.4,NA,0.142857142857143,NA,1,0,1,0,0,"FALSE"
43602,44475,0.25,NA,0.333333333333333,NA,0,1,1,1,0,"FALSE"
8712,99223,0,NA,0.8,NA,1,0,0,0,0,"FALSE"
69269,99334,0,NA,1,NA,1,0,0,0,0,"FALSE"
16037,59057,0.142857142857143,NA,0.833333333333333,NA,1,0,0,0,0,"FALSE"
18962,51487,0.8,NA,0,NA,1,0,0,1,0,"FALSE"
40220,98675,1,NA,0,NA,1,0,0,1,0,"FALSE"
36249,52070,1,NA,0.222222222222222,NA,0,0,1,0,0,"FALSE"
6406,14945,1,NA,0.181818181818182,NA,1,0,1,0,0,"FALSE"
10946,32119,0.2,NA,0,NA,1,0,1,0,0,"FALSE"
91465,99851,0.333333333333333,NA,0.333333333333333,NA,1,1,1,1,0,"FALSE"
31642,44446,0.111111111111111,NA,1,NA,1,0,0,0,0,"FALSE"
48927,51794,0.25,NA,0.428571428571429,NA,1,0,0,0,0,"FALSE"
13020,71416,1,NA,0,NA,1,0,1,0,0,"FALSE"
15395,79426,1,NA,0.333333333333333,NA,1,0,1,0,0,"FALSE"
15285,97755,1,NA,0,NA,1,0,0,1,0,"FALSE"
20558,20793,1,NA,0.571428571428571,NA,1,0,1,0,0,"FALSE"
28146,37468,0,NA,0.666666666666667,NA,1,0,1,0,0,"FALSE"
30099,63984,0.166666666666667,NA,0.833333333333333,NA,1,0,0,0,0,"FALSE"
82329,88109,0.125,NA,0,NA,1,1,1,1,0,"FALSE"
61650,77917,1,NA,0.333333333333333,NA,1,0,1,0,0,"FALSE"
54207,71861,0.166666666666667,NA,1,NA,1,0,0,0,0,"FALSE"
41004,83756,0.166666666666667,NA,0.8,NA,1,1,0,0,0,"FALSE"
41246,60242,0,NA,0.111111111111111,NA,1,1,1,1,0,"FALSE"
1737,58875,1,NA,0.142857142857143,NA,1,1,0,0,0,"FALSE"
95,39229,1,NA,0.333333333333333,NA,1,0,1,0,0,"FALSE"
85759,89802,1,NA,0.1,NA,1,0,1,0,0,"FALSE"
57556,89269,1,NA,0.166666666666667,NA,1,0,0,1,0,"FALSE"
57711,60525,1,NA,0,NA,1,0,1,0,0,"FALSE"
3640,84468,1,NA,0.2,NA,1,0,1,0,0,"FALSE"
7300,66666,0.142857142857143,NA,0.6,NA,1,0,0,0,0,"FALSE"
235,44235,1,NA,0.25,NA,1,0,1,0,0,"FALSE"
55676,74894,0.428571428571429,NA,1,NA,1,0,0,0,0,"FALSE"
26141,62113,1,NA,0.125,NA,1,0,1,0,0,"FALSE"
60023,96718,1,NA,0.125,NA,1,1,0,0,0,"FALSE"
64368,72689,0.142857142857143,NA,0.333333333333333,NA,0,1,1,1,0,"FALSE"
12432,60795,1,NA,0,NA,1,0,1,0,0,"FALSE"
30932,56916,1,NA,0.2,NA,1,0,0,1,0,"FALSE"
35052,38356,1,NA,0,NA,1,0,1,0,0,"FALSE"
35860,67138,0,NA,0.8,NA,1,0,0,0,0,"FALSE"
19584,94275,0.111111111111111,NA,1,NA,1,0,0,0,0,"FALSE"
65520,78340,1,NA,0,NA,1,1,0,0,0,"FALSE"
14196,66502,0.25,NA,0.714285714285714,NA,1,0,0,0,0,"FALSE"
94719,97504,1,NA,0.111111111111111,NA,1,0,1,0,0,"FALSE"
75286,96467,1,NA,0.111111111111111,NA,1,1,0,0,0,"FALSE"
8267,15899,1,NA,0,NA,1,0,1,0,0,"FALSE"
8769,16761,1,NA,0,NA,1,1,0,0,0,"FALSE"
51752,96161,1,NA,0.142857142857143,NA,1,0,1,0,0,"FALSE"
40239,70145,1,NA,0.333333333333333,NA,1,0,1,0,0,"FALSE"
52416,66336,1,NA,0.142857142857143,NA,1,0,1,0,0,"FALSE"
31912,56241,1,1,0.25,NA,1,0,0,1,0,"FALSE"
64580,94534,0.4,NA,0,NA,1,1,0,1,0,"FALSE"
50221,65493,1,NA,0.222222222222222,NA,1,0,0,1,0,"FALSE"
24174,72521,1,NA,0.125,NA,1,0,1,0,0,"FALSE"
44515,76062,1,NA,0.2,NA,1,0,1,0,0,"FALSE"
24250,74234,1,NA,0,NA,1,0,1,0,0,"FALSE"
56678,57655,1,NA,0,NA,1,1,0,0,0,"FALSE"
27216,74140,1,NA,0,NA,1,0,1,0,0,"FALSE"
31316,89597,1,NA,0.142857142857143,NA,1,0,1,0,0,"FALSE"
119,75744,0.444444444444444,NA,0.75,NA,1,1,0,0,0,"FALSE"
27054,63218,1,NA,0.2,NA,1,0,1,0,0,"FALSE"
13381,74801,1,1,0,NA,1,1,0,0,0,"FALSE"
55715,57658,1,NA,0.111111111111111,NA,1,1,0,0,0,"FALSE"
46316,84421,1,NA,0.1,NA,1,1,0,0,0,"FALSE"
52808,67295,1,NA,0.333333333333333,NA,1,0,0,1,0,"FALSE"
17675,33486,0.125,NA,0.857142857142857,NA,1,0,0,0,0,"FALSE"
69620,93712,0,NA,0.666666666666667,NA,1,0,0,0,0,"FALSE"
18786,39914,1,NA,0,NA,1,0,1,0,0,"FALSE"
27583,96326,1,NA,0.142857142857143,NA,1,0,1,0,0,"FALSE"
7836,33740,0.111111111111111,NA,0.25,NA,1,1,1,1,0,"FALSE"
81,80511,0.111111111111111,NA,0.888888888888889,NA,1,0,0,0,0,"FALSE"
89182,91094,0.285714285714286,NA,0.272727272727273,NA,0,1,1,1,0,"FALSE"
30384,59527,1,NA,0.333333333333333,NA,1,1,0,0,0,"FALSE"
49842,75358,0.555555555555556,NA,1,NA,1,0,0,0,0,"FALSE"
21955,30297,1,NA,0,NA,1,0,0,1,0,"FALSE"
18383,53629,1,NA,0,NA,1,0,1,0,0,"FALSE"
12409,38729,1,NA,0.428571428571429,NA,1,1,0,0,0,"FALSE"
26399,42132,1,NA,0.5,NA,1,0,1,0,0,"FALSE"
70956,82636,1,NA,0,NA,1,0,0,1,0,"FALSE"
29372,68888,0,NA,0,NA,0,1,1,1,0,"FALSE"
34380,96165,1,NA,0,NA,1,0,1,0,0,"FALSE"
7687,31212,1,NA,0.142857142857143,NA,1,1,0,0,0,"FALSE"
14310,18511,0.555555555555556,NA,1,NA,1,0,0,0,0,"FALSE"
57642,67394,1,NA,0.230769230769231,NA,1,0,0,1,0,"FALSE"
65788,81263,1,NA,0.2,NA,1,1,0,0,0,"FALSE"
39806,90908,1,NA,0.285714285714286,NA,1,0,0,1,0,"FALSE"
43388,75455,1,NA,0.111111111111111,NA,1,1,0,0,0,"FALSE"
3021,37917,1,NA,0.125,NA,1,0,1,0,0,"FALSE"
711,74138,1,NA,0.25,NA,1,0,1,0,0,"FALSE"
37991,55407,1,NA,0.142857142857143,NA,1,1,0,0,0,"FALSE"
16499,34825,0.285714285714286,NA,0.1,NA,1,1,1,1,1,"FALSE"
74607,87586,0.375,NA,0.75,NA,1,0,0,0,0,"FALSE"
1328,90371,1,1,0.125,NA,1,0,0,1,0,"FALSE"
47885,67419,0.285714285714286,NA,1,NA,1,0,0,0,0,"FALSE"
17082,51161,1,NA,0.625,NA,1,0,1,0,0,"FALSE"
35612,61228,1,NA,0.142857142857143,NA,1,0,1,0,0,"FALSE"
27241,69658,1,NA,0.333333333333333,NA,1,0,1,0,0,"FALSE"
42993,49762,1,NA,0,NA,1,1,0,0,0,"FALSE"
6062,38656,1,NA,0.333333333333333,NA,1,0,0,1,0,"FALSE"
16508,68476,1,NA,0.125,NA,1,0,1,0,0,"FALSE"
65439,95629,0.166666666666667,NA,0.0833333333333334,NA,1,1,1,1,0,"FALSE"
78064,80381,1,NA,0.3,NA,1,0,0,1,0,"FALSE"
54802,92000,1,NA,0.25,NA,1,0,1,0,0,"FALSE"
67900,99593,0.25,NA,1,NA,1,0,0,0,0,"FALSE"
21129,44275,1,NA,0.1,NA,1,1,0,0,0,"FALSE"
7894,57816,0.5,NA,0.5,NA,1,0,0,0,0,"FALSE"
46463,56933,1,NA,0.0833333333333334,NA,1,0,1,0,0,"FALSE"
9233,16454,1,NA,0.1,NA,1,0,1,0,0,"FALSE"
38758,55559,1,NA,0.4,NA,1,0,0,1,0,"FALSE"
70845,96017,1,NA,0.0909090909090909,NA,1,0,1,0,0,"FALSE"
46168,98042,1,NA,0.125,NA,1,0,0,1,0,"FALSE"
51254,57504,1,NA,0.0769230769230769,NA,1,1,0,0,0,"FALSE"
19972,99128,0.142857142857143,NA,1,NA,1,0,0,0,0,"FALSE"
17163,50742,1,NA,0.285714285714286,NA,1,1,0,0,0,"FALSE"
12624,91800,0,NA,1,NA,1,0,0,1,0,"FALSE"
10288,11254,1,NA,0.2,NA,1,0,0,1,0,"FALSE"
12396,91952,0.333333333333333,NA,0.857142857142857,NA,1,0,0,0,0,"FALSE"
74669,79349,1,NA,0.111111111111111,NA,1,1,0,0,0,"FALSE"
7634,58094,1,NA,0,NA,1,0,1,0,0,"FALSE"
13872,20879,1,NA,0,NA,1,1,0,0,0,"FALSE"
7401,42979,1,NA,0.111111111111111,NA,1,0,1,0,0,"FALSE"
58988,63287,1,NA,0.142857142857143,NA,1,1,0,0,0,"FALSE"
94662,98960,1,NA,0.142857142857143,NA,1,0,1,0,0,"FALSE"
55295,57153,0.111111111111111,NA,0.5,NA,1,0,0,0,0,"FALSE"
15160,47030,1,NA,0.181818181818182,NA,1,1,0,0,0,"FALSE"
11669,38657,1,NA,0.142857142857143,NA,1,0,0,1,0,"FALSE"
51282,86437,0.75,NA,0.25,NA,1,0,1,0,0,"FALSE"
48530,99170,1,NA,0.2,NA,1,1,0,0,0,"FALSE"
19766,21486,1,NA,0,NA,1,0,1,0,0,"FALSE"
34347,36838,1,NA,0.166666666666667,NA,1,0,1,0,0,"FALSE"
48262,95978,0.25,NA,0.428571428571429,NA,1,0,0,0,0,"FALSE"
32161,97179,1,NA,0,NA,1,0,1,0,0,"FALSE"
29055,36979,1,NA,0.142857142857143,NA,1,0,1,0,0,"FALSE"
52285,90120,1,NA,0.111111111111111,NA,1,0,1,0,0,"FALSE"
95615,99942,0.444444444444444,NA,0,NA,1,1,0,0,0,"FALSE"
30129,43264,0.8,NA,0.363636363636364,NA,1,0,1,0,0,"FALSE"
5554,72273,1,NA,0.125,NA,1,0,1,0,0,"FALSE"
58772,85068,1,NA,0.625,NA,1,0,1,0,0,"FALSE"
57020,87501,0.666666666666667,NA,0.166666666666667,NA,1,0,0,1,0,"FALSE"
8892,59638,0.125,NA,0.857142857142857,NA,1,0,0,0,0,"FALSE"
62363,77716,1,NA,0.5,NA,1,0,0,1,0,"FALSE"
62098,90798,0.4,NA,0.2,NA,1,1,0,0,0,"FALSE"
24623,87552,0.25,NA,0.888888888888889,NA,1,0,0,0,0,"FALSE"
15237,91197,1,NA,0.111111111111111,NA,1,0,1,0,0,"FALSE"
55759,89461,0.125,NA,0,NA,0,1,1,1,0,"FALSE"
79035,96035,0.4,NA,0.272727272727273,NA,1,0,1,0,0,"FALSE"
9352,18438,0.333333333333333,NA,1,NA,1,0,1,0,0,"FALSE"
35127,47973,1,NA,0.142857142857143,NA,1,1,0,0,0,"FALSE"
48905,57627,1,NA,0.166666666666667,NA,1,0,1,0,0,"FALSE"
55259,86377,1,NA,0.181818181818182,NA,1,0,0,1,0,"FALSE"
82334,85183,0.111111111111111,NA,0.625,NA,1,0,0,0,0,"FALSE"
7410,86274,1,NA,0,NA,1,0,1,0,0,"FALSE"
35109,87041,1,NA,0.2,NA,1,0,0,1,0,"FALSE"
5492,57194,1,NA,0.153846153846154,NA,1,1,1,0,0,"FALSE"
67452,90586,0.166666666666667,NA,0.25,NA,1,1,1,1,0,"FALSE"
46093,83822,1,NA,0.1,NA,1,0,0,1,0,"FALSE"
7848,96852,1,NA,0.142857142857143,NA,1,1,0,0,0,"FALSE"
5333,18123,1,NA,0.428571428571429,NA,1,0,1,0,0,"FALSE"
73353,75957,1,NA,0,NA,1,0,0,1,0,"FALSE"
32111,98930,1,NA,0,NA,1,0,1,0,0,"FALSE"
20992,52717,1,NA,0.333333333333333,NA,1,0,1,0,0,"FALSE"
31867,48627,0.166666666666667,NA,0.333333333333333,NA,1,0,0,0,0,"FALSE"
98293,99338,0.111111111111111,NA,1,NA,1,0,0,0,0,"FALSE"
26167,31863,1,NA,0,NA,1,1,0,0,0,"FALSE"
39691,61119,0.333333333333333,NA,1,NA,1,0,0,0,0,"FALSE"
13952,37085,0.4,NA,0.285714285714286,NA,1,0,1,0,0,"FALSE"
37669,72969,0,NA,1,NA,1,0,0,0,0,"FALSE"
7868,28074,0.285714285714286,NA,0.666666666666667,NA,1,0,0,0,0,"FALSE"
39923,55428,1,NA,0.222222222222222,NA,1,0,0,1,0,"FALSE"
62261,99482,0.4,NA,0.166666666666667,NA,1,0,1,0,0,"FALSE"
38304,49243,1,NA,0.125,NA,1,0,1,0,0,"FALSE"
57924,71633,1,NA,0.142857142857143,NA,1,0,1,0,0,"FALSE"
9332,68910,1,NA,0,NA,1,0,0,1,0,"FALSE"
3527,63593,1,NA,0.666666666666667,NA,1,0,1,0,0,"FALSE"
21363,24619,1,NA,0.111111111111111,NA,1,0,1,0,0,"FALSE"
13224,45466,1,NA,0,NA,1,0,1,0,0,"FALSE"
733,45530,1,NA,0,NA,1,0,1,0,0,"FALSE"
16839,47287,0.4,NA,1,NA,1,0,0,0,0,"FALSE"
5323,85917,1,NA,0,NA,0,0,0,1,0,"FALSE"
17879,92172,1,NA,0,NA,1,0,0,1,0,"FALSE"
86672,96182,0.5,NA,0.9,NA,1,0,0,0,0,"FALSE"
8107,81295,0.166666666666667,NA,1,NA,1,0,0,0,0,"FALSE"
25528,83060,1,NA,0.222222222222222,NA,1,0,1,0,0,"FALSE"
27098,70597,1,NA,0.142857142857143,NA,1,0,1,0,0,"FALSE"
66588,77411,1,NA,0.142857142857143,NA,1,0,1,0,0,"FALSE"
31401,80211,1,NA,0.111111111111111,NA,1,0,0,1,0,"FALSE"
17130,37446,1,NA,0.0833333333333334,NA,1,1,0,0,0,"FALSE"
12957,63968,0.875,NA,0,NA,1,0,1,0,0,"FALSE"
10980,56923,0.375,NA,0,NA,1,1,1,1,0,"FALSE"
41812,45172,1,NA,0.25,NA,1,1,1,0,0,"FALSE"
53351,92461,0,NA,1,NA,1,0,0,0,0,"FALSE"
3147,3358,1,NA,0.125,NA,1,1,0,0,0,"FALSE"
25771,58051,0,NA,0.333333333333333,NA,1,0,1,0,0,"FALSE"
28222,61976,1,NA,0.125,NA,1,0,1,0,0,"FALSE"
8884,92227,0.166666666666667,NA,1,NA,1,0,0,0,0,"FALSE"
30200,64092,0.166666666666667,NA,1,NA,1,0,0,0,0,"FALSE"
68425,94961,0,NA,1,NA,1,0,0,0,0,"FALSE"
9517,31579,0,NA,0.285714285714286,NA,1,1,1,1,0,"FALSE"
1531,91110,1,NA,0.111111111111111,NA,1,0,0,1,0,"FALSE"
11473,40809,1,1,0.272727272727273,NA,0,0,1,0,0,"FALSE"
11196,79974,1,NA,0,NA,1,0,1,0,NA,"FALSE"
56296,83030,1,NA,0.333333333333333,NA,1,0,1,0,0,"FALSE"
50787,91468,1,NA,0.25,NA,1,0,1,0,0,"FALSE"
1332,45411,0.222222222222222,NA,1,NA,1,0,0,0,0,"FALSE"
15583,90914,0,NA,1,NA,1,0,1,0,0,"FALSE"
54970,65132,0,NA,1,NA,1,0,0,0,0,"FALSE"
26456,70970,1,NA,0.166666666666667,NA,1,0,1,0,0,"FALSE"
20782,78029,1,NA,0,NA,1,0,0,1,0,"FALSE"
78743,98229,0.6,NA,0.2,NA,1,0,1,0,0,"FALSE"
32350,50532,0.4,1,0,NA,1,0,0,1,0,"FALSE"
21671,61148,1,NA,0.125,NA,1,0,1,0,0,"FALSE"
58782,96878,0.111111111111111,NA,1,NA,1,0,0,0,0,"FALSE"
10125,73765,1,NA,0.142857142857143,NA,1,0,1,0,0,"FALSE"
59021,83048,0.222222222222222,NA,0.285714285714286,NA,1,1,1,1,0,"FALSE"
71364,81450,0.9,NA,0.1,NA,1,1,0,0,0,"FALSE"
74143,89189,0.125,NA,0.571428571428571,NA,1,0,0,0,0,"FALSE"
11466,96289,1,NA,0.142857142857143,NA,1,0,0,1,0,"FALSE"
25689,69427,0.142857142857143,NA,0.6,NA,1,0,1,0,0,"FALSE"
16111,50920,1,NA,0.181818181818182,NA,1,0,0,1,0,"FALSE"
8971,91463,1,NA,0.222222222222222,NA,1,1,0,0,0,"FALSE"
16131,45663,0.166666666666667,NA,0.2,NA,1,0,0,0,0,"FALSE"
44356,55655,1,NA,0.111111111111111,NA,1,1,0,0,0,"FALSE"
14589,72901,1,NA,0.222222222222222,NA,1,1,0,0,0,"FALSE"
8051,51436,0.166666666666667,NA,1,NA,1,0,1,0,0,"FALSE"
51646,96170,1,NA,0,NA,1,0,0,1,0,"FALSE"
73350,74687,0.428571428571429,NA,1,NA,1,0,0,0,0,"FALSE"
30285,84293,1,NA,0.222222222222222,NA,1,0,1,0,0,"FALSE"
46900,63319,0.2,NA,0.857142857142857,NA,1,0,0,0,0,"FALSE"
21546,38694,1,NA,0,NA,1,0,1,0,0,"FALSE"
35922,51160,0.111111111111111,NA,1,NA,1,0,0,0,0,"FALSE"
63858,77631,0.125,NA,1,NA,1,0,0,0,0,"FALSE"
28590,80486,1,NA,0.111111111111111,NA,1,0,0,1,0,"FALSE"
12455,80433,1,NA,0.333333333333333,NA,1,0,1,0,0,"FALSE"
45872,77666,1,NA,0.222222222222222,NA,1,0,1,0,0,"FALSE"
12174,14251,1,NA,0,NA,1,0,1,0,0,"FALSE"
21046,46849,0.5,NA,0.125,NA,1,1,1,1,0,"FALSE"
37709,79284,0.333333333333333,NA,0.166666666666667,NA,0,1,1,1,0,"FALSE"
9451,59131,1,NA,0.307692307692308,NA,1,0,1,0,0,"FALSE"
17731,72033,1,NA,0,NA,1,0,1,1,0,"FALSE"
22261,43884,0.875,NA,0.222222222222222,NA,1,0,0,1,0,"FALSE"
51656,71641,1,NA,0.25,NA,1,0,0,1,0,"FALSE"
6313,98757,0.4,NA,0.285714285714286,NA,1,0,1,0,0,"FALSE"
23880,73187,1,NA,0.428571428571429,NA,1,0,1,0,0,"FALSE"
39436,63609,1,NA,0.272727272727273,NA,1,0,0,1,0,"FALSE"
14680,81223,1,NA,0.4,NA,1,0,0,1,0,"FALSE"
28892,42808,0.4,NA,0.125,NA,1,0,1,0,0,"FALSE"
30288,44635,1,NA,0.142857142857143,NA,1,0,1,0,0,"FALSE"
10185,80007,0.25,NA,1,NA,1,0,0,0,0,"FALSE"
78318,90754,1,NA,0.142857142857143,NA,1,0,1,0,0,"FALSE"
86698,90638,1,NA,0.125,NA,1,0,1,0,0,"FALSE"
17111,51858,0.4,NA,0,NA,0,0,0,1,0,"FALSE"
36574,91065,1,NA,0,NA,1,0,1,0,0,"FALSE"
25893,89443,1,NA,0.285714285714286,NA,1,0,1,0,0,"FALSE"
40677,56812,0,NA,0.8,NA,1,0,0,0,0,"FALSE"
17090,50650,1,NA,0,NA,1,0,1,0,0,"FALSE"
12378,63900,1,NA,0.230769230769231,NA,1,0,1,0,0,"FALSE"
49374,99672,0,NA,1,NA,1,0,0,0,0,"FALSE"
24569,97447,1,1,0.2,NA,1,0,0,1,0,"FALSE"
11147,44087,1,NA,0.0909090909090909,NA,1,1,0,0,0,"FALSE"
49081,68909,1,NA,0.222222222222222,NA,1,0,1,0,0,"FALSE"
64432,96453,1,NA,0,NA,1,0,1,0,0,"FALSE"
25562,77949,1,NA,0,NA,1,0,1,0,0,"FALSE"
13141,24540,1,NA,0.0909090909090909,NA,1,1,0,0,0,"FALSE"
76145,86603,1,NA,0,NA,1,0,1,0,0,"FALSE"
67808,86168,1,NA,0.444444444444444,NA,1,0,1,0,0,"FALSE"
28144,60240,1,1,0.111111111111111,NA,1,0,1,0,0,"FALSE"
80832,99643,0.75,NA,0,NA,1,0,0,1,0,"FALSE"
15884,27080,1,NA,0.333333333333333,NA,1,0,1,0,0,"FALSE"
62919,90413,1,NA,0.166666666666667,NA,1,0,1,0,0,"FALSE"
68987,90020,0.4,1,0,NA,1,0,1,0,0,"FALSE"
17778,60359,1,NA,0,NA,1,0,1,0,0,"FALSE"
12941,65168,1,NA,0.3,NA,1,1,0,0,0,"FALSE"
78786,99771,1,NA,0.285714285714286,NA,1,0,0,1,0,"FALSE"
42068,72408,0.125,NA,1,NA,1,0,0,0,0,"FALSE"
4056,18692,1,NA,0.3,NA,1,0,1,0,0,"FALSE"
84030,92949,0.111111111111111,NA,0.555555555555556,NA,1,0,0,0,0,"FALSE"
651,75195,0.2,NA,0.4,NA,1,0,0,0,0,"FALSE"
15710,43879,1,NA,0.1,NA,1,0,1,0,0,"FALSE"
28618,52088,1,NA,0,NA,0,0,0,1,0,"FALSE"
36211,82375,1,NA,0.333333333333333,NA,1,0,1,0,0,"FALSE"
59694,84646,0,NA,0.857142857142857,NA,1,0,0,0,0,"FALSE"
16654,24421,1,1,0,NA,1,0,1,0,0,"FALSE"
54972,85659,1,NA,0,NA,1,0,1,0,0,"FALSE"
83790,86490,1,NA,0,NA,0,0,0,1,0,"FALSE"
12508,88470,0.142857142857143,NA,0.2,NA,1,0,0,0,0,"FALSE"
12243,78479,1,NA,0.1,NA,1,0,1,0,0,"FALSE"
11199,15630,0.75,NA,0,NA,1,0,1,0,0,"FALSE"
39326,41251,1,NA,0,NA,1,0,1,0,0,"FALSE"
53921,54943,0,NA,0.4,NA,1,0,0,0,0,"FALSE"
24873,27603,0.428571428571429,NA,1,NA,1,0,1,0,0,"FALSE"
44930,62108,0.4,NA,0.6,NA,1,0,0,0,0,"FALSE"
21321,44467,1,NA,0,NA,1,0,1,0,0,"FALSE"
6039,61254,1,NA,0,NA,1,0,1,0,0,"FALSE"
12632,71016,0,NA,1,NA,1,0,0,0,0,"FALSE"
24736,93920,1,NA,0.153846153846154,NA,1,0,1,0,0,"FALSE"
9109,20100,1,NA,0,NA,1,0,1,0,0,"FALSE"
2983,64114,1,NA,0,NA,1,0,1,0,0,"FALSE"
1138,3146,0.4,NA,0.142857142857143,NA,1,1,0,0,0,"FALSE"
7515,96347,1,NA,0,NA,1,1,0,0,0,"FALSE"
4864,48812,1,1,0,NA,1,0,1,0,0,"FALSE"
79310,99094,1,NA,0,NA,1,0,1,0,0,"FALSE"
4107,58967,0.166666666666667,NA,1,NA,1,0,0,0,0,"FALSE"
1719,73792,0.875,NA,0.1,NA,1,0,1,0,0,"FALSE"
77955,97995,1,NA,0.166666666666667,NA,1,1,0,0,0,"FALSE"
92436,99742,1,NA,0.0909090909090909,NA,1,0,1,0,0,"FALSE"
3513,41326,0.375,NA,0,NA,1,1,1,1,0,"FALSE"
51288,94875,1,NA,0.181818181818182,NA,1,0,0,1,0,"FALSE"
41695,53865,1,NA,0.25,NA,1,0,1,0,0,"FALSE"
56258,61649,1,NA,0.166666666666667,NA,1,0,1,0,0,"FALSE"
17543,99088,1,NA,0,NA,1,0,1,0,0,"FALSE"
67594,79072,1,NA,0,NA,1,1,0,0,0,"FALSE"
22514,59568,0,NA,1,NA,1,1,0,0,0,"FALSE"
46980,63094,0.166666666666667,NA,0.8,NA,1,0,0,0,0,"FALSE"
18325,57655,0.25,NA,0.714285714285714,NA,1,0,0,0,0,"FALSE"
12048,97446,1,NA,0.111111111111111,NA,1,0,1,0,0,"FALSE"
12384,40037,0,NA,0.2,NA,1,0,0,0,0,"FALSE"
12072,33261,1,NA,0.333333333333333,NA,1,0,1,0,0,"FALSE"
39748,71473,1,NA,0.111111111111111,NA,1,1,0,0,0,"FALSE"
9195,78182,0.166666666666667,NA,0.8,NA,1,0,0,0,0,"FALSE"
66112,70128,1,NA,0.1,NA,1,1,0,0,0,"FALSE"
28117,68698,0.111111111111111,NA,0.8,NA,1,0,0,0,0,"FALSE"
66362,79159,0.4,1,0.285714285714286,NA,1,0,1,0,0,"FALSE"
18554,92989,1,NA,0.142857142857143,NA,1,0,1,0,0,"FALSE"
13759,61945,0.777777777777778,NA,0.1,NA,1,1,0,0,0,"FALSE"
34840,69084,0.142857142857143,NA,0.1,NA,0,1,1,1,0,"FALSE"
74647,92023,1,NA,1,NA,1,0,0,0,0,"FALSE"
54372,69468,1,NA,0,NA,0,1,0,0,0,"FALSE"
6938,75165,0.166666666666667,NA,0.875,NA,1,0,0,0,0,"FALSE"
44446,61162,0.333333333333333,NA,1,NA,1,0,0,0,0,"FALSE"
48410,64057,1,NA,0.125,NA,1,1,0,0,0,"FALSE"
1916,53572,1,NA,0.1,NA,1,1,0,0,0,"FALSE"
4059,44759,1,NA,0,NA,1,0,1,0,0,"FALSE"
40601,61101,0.125,NA,0.333333333333333,NA,1,0,1,0,0,"FALSE"
18213,67966,1,NA,0.125,NA,1,0,0,1,0,"FALSE"
39771,61774,0.2,NA,0,NA,0,1,1,1,0,"FALSE"
43521,60328,1,NA,0.111111111111111,NA,1,1,0,0,0,"FALSE"
73993,78165,0.166666666666667,NA,0.142857142857143,NA,0,1,1,1,0,"FALSE"
81257,85097,0.25,NA,1,NA,1,0,0,0,0,"FALSE"
16879,76684,1,NA,0.285714285714286,NA,1,0,0,1,0,"FALSE"
13978,95496,1,NA,0.375,NA,1,1,0,0,0,"FALSE"
77550,84550,0.4,NA,0,NA,1,1,0,0,0,"FALSE"
18574,83719,0.25,NA,1,NA,1,0,0,0,0,"FALSE"
41891,66594,1,NA,0.125,NA,1,0,1,0,0,"FALSE"
40700,68010,0,NA,0.111111111111111,NA,0,1,1,1,0,"FALSE"
2347,81885,1,NA,0.2,NA,1,0,1,0,0,"FALSE"
56343,59223,1,NA,0,NA,1,0,1,0,0,"FALSE"
11045,18794,0.285714285714286,NA,1,NA,1,0,0,0,0,"FALSE"
79380,85526,0.111111111111111,NA,1,NA,1,0,0,0,0,"FALSE"
37724,50293,0.4,NA,0.272727272727273,NA,1,0,1,0,0,"FALSE"
6855,52280,1,NA,0.125,NA,1,0,1,0,0,"FALSE"
2622,87273,0.125,NA,1,NA,1,0,1,0,0,"FALSE"
34807,40718,1,NA,0.375,NA,1,0,1,0,0,"FALSE"
52334,95061,1,NA,0.428571428571429,NA,1,0,0,1,0,"FALSE"
28862,52205,1,NA,0.333333333333333,NA,1,0,1,0,0,"FALSE"
58710,81935,0.111111111111111,NA,0,NA,1,1,1,1,0,"FALSE"
59797,62788,0.25,NA,0.571428571428571,NA,1,0,0,0,0,"FALSE"
63373,81989,1,NA,0.111111111111111,NA,1,1,0,0,0,"FALSE"
27422,38310,0.25,NA,0.875,NA,1,0,0,0,0,"FALSE"
71218,78327,0.875,NA,0.111111111111111,NA,1,0,1,0,0,"FALSE"
7045,78450,0.888888888888889,NA,0,NA,1,1,0,0,0,"FALSE"
42576,53733,1,NA,0,NA,1,0,1,0,0,"FALSE"
10145,60728,0,NA,1,NA,1,0,0,0,0,"FALSE"
79837,96421,1,NA,0,NA,0,0,1,0,0,"FALSE"
53811,79513,0.4,NA,0,NA,1,0,0,0,0,"FALSE"
5864,56160,0.5,NA,1,NA,1,0,0,0,0,"FALSE"
64860,85391,1,NA,0,NA,1,0,0,1,0,"FALSE"
33813,77944,1,NA,0.222222222222222,NA,1,0,1,0,0,"FALSE"
23592,65488,0.4,NA,1,NA,1,0,0,0,0,"FALSE"
74207,93422,1,NA,0.1,NA,1,0,1,0,0,"FALSE"
15297,39483,0,NA,0.777777777777778,NA,1,0,0,0,0,"FALSE"
39823,56457,1,NA,0.25,NA,1,0,1,0,0,"FALSE"
16314,47119,1,NA,0.142857142857143,NA,1,0,0,1,0,"FALSE"
20114,72602,0.4,NA,1,NA,1,0,0,0,0,"FALSE"
22331,63475,1,1,0,NA,1,0,1,0,0,"FALSE"
23454,24167,0.166666666666667,NA,1,NA,1,0,1,0,0,"FALSE"
3346,25874,1,NA,0,NA,1,1,0,0,0,"FALSE"
35589,65652,1,NA,0.142857142857143,NA,1,0,1,0,0,"FALSE"
1284,94832,1,NA,0.111111111111111,NA,1,1,0,0,0,"FALSE"
2863,56717,1,NA,0.1,NA,1,0,1,0,0,"FALSE"
38873,91924,1,NA,0.3,NA,1,1,0,0,0,"FALSE"
65826,76397,1,NA,0.222222222222222,NA,1,1,0,0,0,"FALSE"
47885,83550,0.166666666666667,NA,0.888888888888889,NA,1,0,0,0,0,"FALSE"
5218,92551,0.166666666666667,NA,0.8,NA,1,0,0,0,0,"FALSE"
21439,69875,0.166666666666667,NA,0.5,NA,1,0,0,0,0,"FALSE"
24559,90530,1,NA,0,NA,1,0,1,0,0,"FALSE"
47333,84637,1,NA,0.285714285714286,NA,1,0,1,0,0,"FALSE"
25134,85488,1,NA,0.1,NA,1,0,1,0,0,"FALSE"
16849,55574,0.142857142857143,NA,0.714285714285714,NA,1,0,0,0,0,"FALSE"
54649,87336,1,NA,0.111111111111111,NA,1,0,1,0,0,"FALSE"
34547,51117,1,NA,0.444444444444444,NA,1,0,1,0,0,"FALSE"
13943,22137,0.125,NA,0.285714285714286,NA,1,1,1,1,0,"FALSE"
62980,82754,1,NA,0.222222222222222,NA,1,0,1,0,0,"FALSE"
80607,89626,1,NA,0.4,NA,1,0,0,1,0,"FALSE"
5864,70069,0.4,NA,1,NA,1,0,0,0,0,"FALSE"
6409,38407,1,NA,0,NA,1,0,1,0,0,"FALSE"
26155,31780,0.125,NA,0.1,NA,0,1,1,1,0,"FALSE"
26191,54708,0.125,NA,1,NA,1,0,0,0,0,"FALSE"
18331,88272,0.375,NA,0.857142857142857,NA,1,0,0,0,0,"FALSE"
71731,72265,1,NA,0.285714285714286,NA,1,1,0,0,0,"FALSE"
15149,29885,0.4,NA,0,NA,1,0,0,1,0,"FALSE"
1848,52520,1,NA,0.1,NA,1,0,1,0,0,"FALSE"
81760,88248,0.285714285714286,NA,1,NA,1,0,0,0,0,"FALSE"
75414,94665,1,NA,0.25,NA,1,1,0,1,0,"FALSE"
59455,92463,1,NA,0.125,NA,1,0,0,1,0,"FALSE"
59866,79277,0,NA,0.6,NA,1,0,1,0,0,"FALSE"
43936,58514,1,NA,0.222222222222222,NA,0,1,0,0,0,"FALSE"
15790,23534,1,NA,0.111111111111111,NA,1,1,0,0,0,"FALSE"
24956,61674,1,NA,0.25,NA,1,0,1,0,0,"FALSE"
36131,36141,0.222222222222222,NA,1,NA,1,0,0,0,0,"FALSE"
7373,62526,0.142857142857143,NA,1,NA,1,0,0,0,0,"FALSE"
86030,86542,1,NA,0.222222222222222,NA,1,0,1,0,0,"FALSE"
13408,30742,0.222222222222222,NA,1,NA,1,0,0,0,0,"FALSE"
29202,84809,1,NA,0.222222222222222,NA,1,0,1,0,0,"FALSE"
23006,84562,0.2,NA,1,NA,1,0,0,0,0,"FALSE"
3116,19059,1,NA,0.333333333333333,NA,1,0,1,1,0,"FALSE"
55771,62015,0.75,NA,0,NA,1,0,1,0,0,"FALSE"
37873,45189,0.428571428571429,NA,1,NA,1,0,0,0,0,"FALSE"
3348,22846,1,NA,0.142857142857143,NA,1,0,1,0,0,"FALSE"
35915,36287,1,NA,0.142857142857143,NA,1,0,0,1,0,"FALSE"
12703,78806,0,NA,0.857142857142857,NA,1,0,0,0,0,"FALSE"
14536,46557,1,NA,0.181818181818182,NA,1,0,1,0,0,"FALSE"
4702,10906,1,NA,0.1,NA,1,0,1,0,0,"FALSE"
16606,77118,1,NA,0.285714285714286,NA,1,1,0,0,0,"FALSE"
15843,43439,0.75,NA,0.4,NA,1,0,1,0,0,"FALSE"
75003,83092,0.166666666666667,NA,0.714285714285714,NA,1,0,0,0,0,"FALSE"
10970,73041,0.875,NA,0.428571428571429,NA,1,0,0,1,0,"FALSE"
6446,35778,1,NA,0.333333333333333,NA,1,1,0,0,0,"FALSE"
69269,80883,0.166666666666667,NA,1,NA,1,0,1,0,NA,"FALSE"
30955,78515,0.2,NA,0.428571428571429,NA,1,0,0,0,0,"FALSE"
35171,94639,1,NA,0.25,NA,1,1,0,0,0,"FALSE"
53531,85745,0.142857142857143,NA,0.625,NA,1,0,0,0,0,"FALSE"
2397,26457,0.166666666666667,NA,0.0833333333333334,NA,0,1,1,1,0,"FALSE"
50243,86248,1,NA,0.125,NA,1,0,1,0,0,"FALSE"
15495,85832,0,NA,0,NA,0,1,1,1,0,"FALSE"
42269,58889,1,NA,0.2,NA,1,0,1,0,0,"FALSE"
22547,46297,1,NA,0,NA,1,0,1,0,0,"FALSE"
21992,69323,1,NA,0.222222222222222,NA,1,0,1,0,0,"FALSE"
17984,55624,0.428571428571429,NA,0.222222222222222,NA,1,0,1,0,0,"FALSE"
83436,96191,0.8,NA,0,NA,1,0,0,1,0,"FALSE"
18330,88638,0.428571428571429,NA,1,NA,1,0,0,0,0,"FALSE"
68816,70866,0,NA,0.4,NA,1,0,0,0,0,"FALSE"
23426,51019,1,NA,0.142857142857143,NA,1,0,1,0,0,"FALSE"
319,93494,0.333333333333333,NA,1,NA,1,0,0,0,0,"FALSE"
4916,83550,0.111111111111111,NA,0.888888888888889,NA,1,0,0,0,0,"FALSE"
39063,64330,0,NA,1,NA,1,0,0,0,0,"FALSE"
19275,71525,1,NA,0,NA,1,1,0,0,0,"FALSE"
38750,75536,1,NA,0.333333333333333,NA,1,0,0,1,0,"FALSE"
32881,60597,1,NA,0.2,NA,1,0,1,0,0,"FALSE"
12315,19041,1,NA,0.181818181818182,NA,1,0,1,0,0,"FALSE"
55306,60094,1,NA,0.166666666666667,NA,1,0,1,0,0,"FALSE"
14382,18155,0.166666666666667,NA,1,NA,1,0,0,0,0,"FALSE"
41657,71936,1,NA,0.142857142857143,NA,1,0,1,0,0,"FALSE"
58979,86349,1,NA,0.166666666666667,NA,1,0,1,0,0,"FALSE"
86163,89964,1,NA,0.428571428571429,NA,1,0,1,0,0,"FALSE"
28553,67479,0.2,NA,1,NA,1,0,0,0,0,"FALSE"
3330,53659,0,NA,0.875,NA,1,0,0,0,0,"FALSE"
23702,30378,1,NA,0.125,NA,1,1,0,0,0,"FALSE"
28786,66879,1,NA,0,NA,1,0,1,0,0,"FALSE"
118,76576,0,NA,1,NA,1,0,0,0,0,"FALSE"
10607,51684,1,NA,0.125,NA,1,1,0,0,0,"FALSE"
30903,57170,1,NA,0.2,NA,1,0,1,0,0,"FALSE"
4710,19171,1,NA,0.111111111111111,NA,1,0,1,0,0,"FALSE"
64213,78675,1,NA,0.25,NA,1,0,1,0,0,"FALSE"
67006,78511,0.333333333333333,NA,0,NA,1,1,1,1,0,"FALSE"
55745,95359,0.111111111111111,NA,0.25,NA,1,1,1,1,0,"FALSE"
2899,56818,0.111111111111111,NA,0,NA,1,1,1,1,0,"FALSE"
8668,20758,1,NA,0.333333333333333,NA,1,0,0,1,0,"FALSE"
55313,89575,1,NA,0.142857142857143,NA,1,0,1,0,0,"FALSE"
11027,53016,1,NA,0.375,NA,1,0,1,1,0,"FALSE"
48084,97450,1,NA,0.166666666666667,NA,1,1,0,0,0,"FALSE"
30514,61009,1,NA,0,NA,1,0,1,0,0,"FALSE"
19074,49087,0.166666666666667,NA,0.5,NA,1,0,1,0,0,"FALSE"
17898,96395,1,NA,0.333333333333333,NA,1,0,1,0,0,"FALSE"
2427,16688,1,NA,0.142857142857143,NA,1,1,0,0,0,"FALSE"
5327,95715,1,NA,0.125,NA,1,0,1,0,0,"FALSE"
12508,61601,0.4,NA,0,NA,1,0,1,0,0,"FALSE"
91387,97856,1,NA,0.2,NA,1,1,0,0,0,"FALSE"
42903,75598,0,NA,0.5,NA,1,0,0,0,0,"FALSE"
18123,88481,0.666666666666667,NA,1,NA,1,0,0,0,0,"FALSE"
16363,70413,0.4,NA,0.111111111111111,NA,1,0,1,0,0,"FALSE"
77344,95837,0,NA,0.8,NA,1,0,0,0,0,"FALSE"
2533,62104,1,NA,0.166666666666667,NA,1,0,1,0,0,"FALSE"
7372,36220,1,NA,0.1,NA,1,0,0,1,0,"FALSE"
22795,66125,0,NA,1,NA,1,0,0,0,0,"FALSE"
4695,69762,1,NA,0.111111111111111,NA,1,0,0,1,0,"FALSE"
57669,93634,0.222222222222222,NA,1,NA,1,0,0,0,0,"FALSE"
4310,42677,1,NA,0.2,NA,1,1,0,0,0,"FALSE"
12217,28589,0.875,NA,0.166666666666667,NA,1,0,1,0,0,"FALSE"
11205,86043,0,NA,1,NA,1,0,0,0,0,"FALSE"
15540,52530,0.25,NA,0.142857142857143,NA,1,0,1,0,0,"FALSE"
28790,97751,0.142857142857143,NA,0.5,NA,1,0,1,0,0,"FALSE"
26377,90813,1,NA,0.111111111111111,NA,1,0,1,0,0,"FALSE"
41922,97351,1,NA,0.333333333333333,NA,1,0,1,0,0,"FALSE"
39600,55731,0.2,NA,0.8,NA,1,0,0,0,0,"FALSE"
18818,87391,1,NA,0.428571428571429,NA,1,0,1,0,0,"FALSE"
13372,25308,1,NA,0,NA,1,1,0,0,0,"FALSE"
28934,64459,1,NA,0.285714285714286,NA,1,0,1,0,0,"FALSE"
4446,37782,0,NA,1,NA,1,0,0,0,0,"FALSE"
92907,99363,0,NA,0.428571428571429,NA,1,0,0,0,0,"FALSE"
16501,94884,1,NA,0.222222222222222,NA,1,0,0,1,0,"FALSE"
12329,74861,1,NA,0.111111111111111,NA,1,0,1,0,0,"FALSE"
16483,97501,1,NA,0.166666666666667,NA,1,0,1,0,0,"FALSE"
62039,81190,0.4,NA,0,NA,1,0,1,0,0,"FALSE"
37440,52223,1,NA,0.2,NA,1,1,0,0,0,"FALSE"
36021,40003,0.125,NA,0.5,NA,1,0,0,0,0,"FALSE"
33245,83872,1,NA,0,NA,1,0,1,0,0,"FALSE"
64543,68408,1,NA,0.142857142857143,NA,1,1,0,0,0,"FALSE"
50871,84199,1,NA,0.2,NA,1,0,1,0,0,"FALSE"
61958,89570,0.222222222222222,NA,1,NA,1,0,1,0,0,"FALSE"
49402,61826,1,NA,0.1,NA,1,0,0,1,0,"FALSE"
43452,60647,1,NA,0.25,NA,1,0,1,0,0,"FALSE"
5964,64806,1,NA,0.25,NA,1,0,1,0,0,"FALSE"
67216,93457,1,NA,0.142857142857143,NA,1,1,0,0,0,"FALSE"
1911,30737,0.333333333333333,NA,0.6,NA,1,0,0,0,0,"FALSE"
14402,60338,0.5,NA,1,NA,1,0,1,0,0,"FALSE"
61960,68976,1,NA,0.375,NA,1,1,0,0,0,"FALSE"
16770,62250,1,NA,0.125,NA,1,0,1,0,0,"FALSE"
30220,80559,1,NA,0,NA,1,1,0,0,0,"FALSE"
48048,54929,1,NA,0.4,NA,1,1,1,1,0,"FALSE"
15994,54385,0.4,NA,0.125,NA,1,0,1,0,0,"FALSE"
31380,39332,1,NA,0.166666666666667,NA,1,0,1,0,0,"FALSE"
23128,60556,1,NA,0.333333333333333,NA,0,0,0,1,0,"FALSE"
37087,41377,1,NA,0.142857142857143,NA,1,1,0,0,0,"FALSE"
73139,75487,0.875,NA,0.2,NA,1,0,0,1,0,"FALSE"
93470,96462,0,NA,0.666666666666667,NA,0,1,1,1,0,"FALSE"
31804,60683,0.125,NA,0,NA,0,1,1,1,0,"FALSE"
71700,88164,1,NA,0,NA,1,0,0,1,0,"FALSE"
34399,70711,1,NA,0.166666666666667,NA,1,0,1,1,0,"FALSE"
13319,54473,1,NA,0.166666666666667,NA,1,0,1,0,0,"FALSE"
22156,77366,1,NA,0,NA,1,0,1,0,0,"FALSE"
38708,73200,0.166666666666667,NA,1,NA,1,0,0,0,0,"FALSE"
62666,64676,0.4,NA,0.222222222222222,NA,1,0,0,1,0,"FALSE"
21757,61025,1,NA,0.222222222222222,NA,0,0,1,0,0,"FALSE"
28986,29333,1,NA,0,NA,1,1,0,0,0,"FALSE"
12027,60929,0.111111111111111,NA,1,NA,1,0,0,0,0,"FALSE"
86695,94241,0,NA,1,NA,1,0,0,0,0,"FALSE"
2552,28097,0.25,NA,0,NA,1,0,1,0,0,"FALSE"
25092,71563,0.6,NA,0.5,NA,1,0,1,0,0,"FALSE"
15539,92303,1,1,0.166666666666667,NA,1,0,0,1,0,"FALSE"
3868,95148,0.2,NA,0.272727272727273,NA,0,1,1,1,0,"FALSE"
35822,35859,1,NA,0.125,NA,1,0,1,0,0,"FALSE"
54928,74100,0,NA,0.833333333333333,NA,1,0,0,0,0,"FALSE"
18277,80169,1,NA,0,NA,1,0,0,1,0,"FALSE"
45222,53987,0.333333333333333,NA,0.833333333333333,NA,1,0,0,0,0,"FALSE"
21034,86548,1,NA,0.2,NA,1,0,1,0,0,"FALSE"
14721,16253,0.8,NA,0.333333333333333,NA,0,0,1,0,0,"FALSE"
31160,78863,1,NA,0.142857142857143,NA,1,0,1,0,0,"FALSE"
25099,43659,1,NA,0.2,NA,1,0,0,1,0,"FALSE"
28142,73708,1,NA,0,NA,1,0,1,0,0,"FALSE"
6738,26862,1,NA,0,NA,1,0,1,0,0,"FALSE"
2897,54477,0.285714285714286,NA,0.6,NA,1,0,0,0,0,"FALSE"
17289,27556,1,NA,0.285714285714286,NA,1,0,1,0,0,"FALSE"
42383,85382,0,NA,0.333333333333333,NA,1,0,0,0,0,"FALSE"
59855,71075,0.5,NA,0.222222222222222,NA,1,1,0,0,0,"FALSE"
20724,52266,1,NA,0,NA,1,0,0,1,0,"FALSE"
52292,53361,1,NA,0.125,NA,1,0,1,0,0,"FALSE"
46789,94939,0,NA,0,NA,0,1,1,1,0,"FALSE"
10538,68901,1,NA,0,NA,1,1,0,0,0,"FALSE"
2453,15564,0.25,NA,0.714285714285714,NA,1,0,0,0,0,"FALSE"
53917,99276,1,NA,0,NA,1,0,1,0,0,"FALSE"
56160,86653,1,NA,0,NA,1,1,0,0,0,"FALSE"
46549,89105,1,NA,0.428571428571429,NA,1,1,0,0,0,"FALSE"
1996,68506,0,NA,0.6,NA,1,0,0,0,0,"FALSE"
22913,85611,0,NA,1,NA,1,0,0,0,0,"FALSE"
78330,80504,1,NA,0.285714285714286,NA,1,0,1,0,0,"FALSE"
4121,45938,0.125,NA,1,NA,1,0,1,0,0,"FALSE"
48168,89358,0.111111111111111,NA,1,NA,1,0,1,0,0,"FALSE"
20790,66344,0,NA,0.333333333333333,NA,1,0,0,0,0,"FALSE"
12947,93641,0.125,NA,1,NA,1,0,0,0,0,"FALSE"
41722,58195,0.25,NA,0.857142857142857,NA,1,0,0,0,0,"FALSE"
52323,96145,0.875,NA,0,NA,1,0,1,0,0,"FALSE"
9698,61743,1,NA,0.1,NA,1,0,1,0,0,"FALSE"
18101,49737,0.75,NA,0,NA,1,0,1,1,0,"FALSE"
3111,69019,0,NA,0.111111111111111,NA,0,1,1,1,0,"FALSE"
16384,58096,1,NA,0.181818181818182,NA,1,0,1,0,0,"FALSE"
90364,95962,0.4,NA,0.714285714285714,NA,1,0,0,0,0,"FALSE"
5772,31266,1,NA,0,NA,0,0,1,0,0,"FALSE"
87642,98181,1,NA,0.142857142857143,NA,1,0,1,0,0,"FALSE"
17513,49275,0.285714285714286,NA,0.5,NA,1,0,1,0,0,"FALSE"
416,44697,0.222222222222222,NA,1,NA,1,0,1,0,0,"FALSE"
11610,35021,0.111111111111111,NA,1,NA,1,0,0,0,0,"FALSE"
49796,53380,0,NA,1,NA,1,0,0,0,0,"FALSE"
22333,35495,1,NA,0.142857142857143,NA,1,1,0,0,0,"FALSE"
11103,37238,1,NA,0.333333333333333,NA,1,0,1,0,0,"FALSE"
2445,55596,0,NA,0,NA,0,1,1,1,0,"FALSE"
6719,31792,1,NA,0.375,NA,1,1,0,0,0,"FALSE"
17708,55325,0.4,NA,0.142857142857143,NA,1,0,0,1,0,"FALSE"
5287,53471,0.888888888888889,NA,0.428571428571429,NA,1,0,1,0,0,"FALSE"
77164,84118,0.4,NA,0.125,NA,1,0,0,1,0,"FALSE"
57141,90283,1,NA,0.333333333333333,NA,1,0,1,0,0,"FALSE"
24058,45182,0.142857142857143,NA,0.714285714285714,NA,1,0,0,1,0,"FALSE"
16755,90970,1,NA,0.285714285714286,NA,1,0,1,0,0,"FALSE"
2473,49884,0.166666666666667,NA,0,NA,0,1,1,1,0,"FALSE"
49269,74003,1,NA,0,NA,1,0,1,0,0,"FALSE"
32138,37169,1,NA,0,NA,1,0,0,1,0,"FALSE"
27782,31829,1,NA,0.285714285714286,NA,1,0,1,0,0,"FALSE"
59779,96855,0.125,NA,0.833333333333333,NA,1,0,0,0,0,"FALSE"
49461,55118,1,NA,0.0909090909090909,NA,1,0,0,1,0,"FALSE"
10938,58677,1,NA,0.0909090909090909,NA,1,0,1,0,0,"FALSE"
14109,30997,1,1,0,NA,1,0,1,1,0,"FALSE"
51085,71492,0.875,NA,0.428571428571429,NA,1,0,0,1,0,"FALSE"
2232,35308,1,NA,0.0833333333333334,NA,0,0,0,1,0,"FALSE"
43088,53960,1,NA,0.142857142857143,NA,1,0,1,0,0,"FALSE"
58531,94127,0,NA,0.75,NA,1,0,0,0,0,"FALSE"
36971,55178,0.222222222222222,NA,0.666666666666667,NA,1,0,0,0,0,"FALSE"
29332,45106,0.333333333333333,NA,1,NA,1,0,0,0,0,"FALSE"
53361,61029,1,NA,0.125,NA,1,0,1,0,0,"FALSE"
44424,73350,0.142857142857143,NA,0.857142857142857,NA,1,0,0,0,0,"FALSE"
42670,62779,1,NA,0.222222222222222,NA,1,0,0,1,0,"FALSE"
64585,99492,0,NA,1,NA,1,0,0,0,0,"FALSE"
18766,36030,1,NA,0.111111111111111,NA,1,0,1,0,0,"FALSE"
78022,79387,1,NA,0,NA,1,0,1,0,0,"FALSE"
75761,91622,0,NA,0.6,NA,1,1,0,0,0,"FALSE"
68703,87330,0.142857142857143,NA,1,NA,1,0,0,0,0,"FALSE"
9111,48520,0.375,NA,0,NA,1,1,1,1,0,"FALSE"
1446,77723,1,NA,0.166666666666667,NA,1,0,1,0,0,"FALSE"
71177,91452,1,NA,0.222222222222222,NA,1,0,1,0,0,"FALSE"
59468,73888,1,NA,0.25,NA,1,1,0,0,0,"FALSE"
72994,79830,1,NA,0,NA,1,0,0,1,0,"FALSE"
47837,80314,1,NA,0,NA,1,0,0,1,0,"FALSE"
58554,81521,1,NA,0.375,NA,1,0,1,0,0,"FALSE"
22335,44138,1,NA,0.125,NA,1,0,1,0,0,"FALSE"
9242,64992,1,NA,0.2,NA,1,0,1,0,0,"FALSE"
40860,97512,1,NA,0.142857142857143,NA,1,0,1,0,0,"FALSE"
37858,74562,0.75,NA,0.333333333333333,NA,1,1,0,0,0,"FALSE"
48742,80715,0.5,NA,0.111111111111111,NA,1,1,1,0,0,"FALSE"
28838,73700,0.333333333333333,NA,0.857142857142857,NA,1,0,0,0,0,"FALSE"
10178,88900,0.142857142857143,NA,0.857142857142857,NA,1,0,0,0,0,"FALSE"
53874,73900,0.166666666666667,NA,0.25,NA,1,0,0,0,0,"FALSE"
27703,63099,0.25,NA,0.0909090909090909,NA,0,1,1,1,0,"FALSE"
23482,53680,1,NA,0,NA,1,0,0,1,0,"FALSE"
26811,35571,1,NA,0.0909090909090909,NA,1,0,1,0,0,"FALSE"
12498,34131,1,NA,0.166666666666667,NA,1,0,0,1,0,"FALSE"
44204,70035,0.4,NA,0,NA,1,1,1,0,0,"FALSE"
80369,99722,0.25,NA,0.5,NA,1,0,1,0,0,"FALSE"
51719,85561,0.25,NA,0.222222222222222,NA,1,1,0,0,0,"FALSE"
46776,81134,1,NA,0.4,NA,1,0,1,0,0,"FALSE"
61823,93690,1,NA,0.142857142857143,NA,1,0,1,0,0,"FALSE"
2097,68100,0.75,NA,0,NA,1,1,1,0,0,"FALSE"
21517,55244,0.875,NA,0.142857142857143,NA,1,0,0,1,0,"FALSE"
55584,94542,1,NA,0.333333333333333,NA,1,0,1,0,0,"FALSE"
72301,96788,0,NA,1,NA,1,0,0,0,0,"FALSE"
5585,61117,0,NA,0.142857142857143,NA,1,0,0,0,0,"FALSE"
1850,2776,1,NA,0,NA,1,0,0,1,0,"FALSE"
66523,84247,0.375,NA,1,NA,1,0,0,0,0,"FALSE"
16304,53713,1,NA,0,NA,1,0,0,1,0,"FALSE"
16640,84234,1,NA,0.25,NA,1,0,1,0,0,"FALSE"
51848,96066,0.4,NA,0.571428571428571,NA,1,0,0,0,0,"FALSE"
22684,53638,0,NA,0.833333333333333,NA,1,0,0,0,0,"FALSE"
77400,83940,1,NA,0.222222222222222,NA,1,1,0,0,0,"FALSE"
11137,87321,1,NA,0,NA,1,0,1,0,0,"FALSE"
2572,84162,0.142857142857143,NA,1,NA,1,0,0,0,0,"FALSE"
19840,35919,0.5,NA,0.142857142857143,NA,1,0,1,0,0,"FALSE"
11442,42329,0.4,NA,0.222222222222222,NA,1,0,0,1,0,"FALSE"
82561,91426,1,NA,0,NA,1,0,1,0,0,"FALSE"
19970,40996,1,NA,0.444444444444444,NA,1,0,1,0,0,"FALSE"
53748,63432,1,NA,0,NA,1,0,0,1,0,"FALSE"
11192,50179,1,NA,0.363636363636364,NA,1,1,0,0,0,"FALSE"
65505,70271,0.4,NA,0,NA,1,0,0,1,0,"FALSE"
25204,75107,0.4,NA,0.125,NA,0,0,1,0,0,"FALSE"
19284,69922,0.125,NA,1,NA,1,0,0,0,0,"FALSE"
14521,19733,0.333333333333333,NA,1,NA,1,0,0,0,0,"FALSE"
32121,32138,1,NA,0.333333333333333,NA,1,0,1,0,0,"FALSE"
16877,28723,0.166666666666667,NA,1,NA,1,0,0,0,0,"FALSE"
45005,75798,0.4,NA,0.1,NA,1,0,0,1,0,"FALSE"
57432,61129,1,NA,0.3,NA,1,0,1,0,0,"FALSE"
60376,80596,0.714285714285714,NA,1,NA,1,0,0,0,0,"FALSE"
18103,68629,1,NA,0,NA,1,1,0,0,0,"FALSE"
20654,40726,1,NA,0.181818181818182,NA,1,0,0,1,0,"FALSE"
11297,58685,0.125,NA,0.888888888888889,NA,1,0,0,0,0,"FALSE"
11497,13682,0.857142857142857,NA,0.333333333333333,NA,1,0,1,0,0,"FALSE"
19961,60113,1,1,0.125,NA,1,0,1,0,0,"FALSE"
85034,99147,1,NA,0.153846153846154,NA,1,0,1,0,0,"FALSE"
58822,75420,1,NA,0,NA,1,0,0,1,0,"FALSE"
5724,14991,0.5,NA,1,NA,1,0,0,0,0,"FALSE"
6572,47618,1,NA,0.142857142857143,NA,1,0,1,0,0,"FALSE"
12086,39483,0.166666666666667,NA,1,NA,1,0,0,0,0,"FALSE"
10762,35154,1,NA,0.111111111111111,NA,1,0,0,1,0,"FALSE"
8287,90723,0,NA,0.75,NA,1,0,0,0,0,"FALSE"
30857,72760,0.111111111111111,NA,0.25,NA,0,1,1,1,0,"FALSE"
59992,84777,1,NA,0.111111111111111,NA,1,0,1,0,0,"FALSE"
38475,54159,1,NA,0.142857142857143,NA,1,1,0,0,0,"FALSE"
27731,43298,1,NA,0.125,NA,1,0,1,0,0,"FALSE"
14346,38138,0.4,NA,0.142857142857143,NA,1,0,1,0,0,"FALSE"
32383,54298,1,NA,0,NA,1,0,1,0,0,"FALSE"
21901,35119,1,NA,0.125,NA,1,0,1,0,0,"FALSE"
62432,99439,0.142857142857143,NA,0.285714285714286,NA,1,1,1,1,0,"FALSE"
56996,63111,1,NA,0.2,NA,1,0,0,1,0,"FALSE"
49983,54130,1,NA,0.2,NA,1,0,1,0,0,"FALSE"
2835,28778,1,NA,0.125,NA,1,0,1,0,0,"FALSE"
17304,78240,1,NA,0.2,NA,1,1,0,0,0,"FALSE"
981,74709,0.875,NA,0.2,NA,1,0,1,0,0,"FALSE"
16775,82005,1,NA,0.3,NA,1,0,1,0,0,"FALSE"
772,45771,1,NA,0,NA,1,0,1,0,0,"FALSE"
9628,38014,1,NA,0.111111111111111,NA,1,0,1,0,0,"FALSE"
70098,90898,1,NA,0.2,NA,1,0,0,1,0,"FALSE"
55867,99910,1,NA,0.2,NA,0,0,1,0,0,"FALSE"
43499,79329,0.4,NA,0.111111111111111,NA,1,0,1,0,0,"FALSE"
64250,77960,1,NA,0.857142857142857,NA,1,0,0,0,0,"FALSE"
18397,86567,1,NA,0,NA,1,1,0,0,0,"FALSE"
64145,72979,1,NA,0.222222222222222,NA,1,0,1,0,0,"FALSE"
16855,60856,1,NA,0.142857142857143,NA,1,0,1,0,0,"FALSE"
77665,91628,0.4,NA,0,NA,1,1,0,0,0,"FALSE"
2869,47180,0.285714285714286,NA,0.2,NA,1,0,0,0,0,"FALSE"
10987,87334,0.166666666666667,NA,0.857142857142857,NA,1,0,0,0,0,"FALSE"
2128,61084,1,NA,0.555555555555556,NA,1,0,1,0,0,"FALSE"
18362,73940,1,NA,0,NA,1,0,0,1,0,"FALSE"
72328,76748,1,NA,0.25,NA,1,1,0,0,0,"FALSE"
11815,13968,1,NA,0.222222222222222,NA,1,1,1,0,0,"FALSE"
55783,55797,1,NA,0.125,NA,1,0,0,1,0,"FALSE"
35645,37446,1,NA,0.166666666666667,NA,1,0,1,0,0,"FALSE"
17151,85631,1,NA,0,NA,1,0,1,0,0,"FALSE"
16058,84869,1,NA,0,NA,1,0,1,0,0,"FALSE"
1238,90891,1,NA,0,NA,1,0,1,0,0,"FALSE"
6978,93985,1,NA,0,NA,1,0,0,1,0,"FALSE"
12869,43348,0.5,NA,0.4,NA,1,0,0,0,0,"FALSE"
51433,88039,1,NA,0,NA,1,1,0,0,0,"FALSE"
7861,24196,1,NA,0.285714285714286,NA,1,0,0,1,0,"FALSE"
5379,5430,1,NA,0,NA,1,1,1,0,0,"FALSE"
68596,93217,1,NA,0.125,NA,0,0,1,0,0,"FALSE"
42460,95329,1,NA,0.222222222222222,NA,1,0,1,0,0,"FALSE"
48644,80481,0.4,NA,1,NA,1,0,0,0,0,"FALSE"
2638,67499,1,NA,0.166666666666667,NA,1,0,1,0,0,"FALSE"
47946,99251,0.2,NA,0.0909090909090909,NA,1,1,1,1,0,"FALSE"
5347,85211,0.222222222222222,NA,1,NA,1,0,0,0,0,"FALSE"
25896,72662,1,NA,0.333333333333333,NA,1,0,0,1,0,"FALSE"
52723,93090,1,NA,0,NA,1,1,1,0,0,"FALSE"
16339,94152,0.4,1,0.166666666666667,NA,1,0,1,0,0,"FALSE"
45707,49004,0.142857142857143,NA,1,NA,1,0,0,0,0,"FALSE"
12806,37967,1,NA,0.125,NA,1,0,0,1,0,"FALSE"
61148,77432,1,NA,0.166666666666667,NA,1,0,1,1,0,"FALSE"
19198,74079,0.3,NA,0.666666666666667,NA,1,0,0,0,0,"FALSE"
32078,96170,1,NA,0.25,NA,1,0,1,0,0,"FALSE"
13731,90287,0.25,NA,0.25,NA,1,0,0,0,0,"FALSE"
35375,79312,0.142857142857143,NA,0,NA,1,1,1,1,0,"FALSE"
39537,45489,1,NA,0,NA,1,0,1,0,0,"FALSE"
63199,67475,1,NA,0.3,NA,1,0,1,0,0,"FALSE"
45862,80480,1,NA,0.142857142857143,NA,1,1,0,0,0,"FALSE"
4093,57227,1,NA,0,NA,1,0,1,0,0,"FALSE"
30169,71563,0.222222222222222,NA,1,NA,1,0,0,0,0,"FALSE"
23722,82478,1,NA,0.444444444444444,NA,1,0,0,1,0,"FALSE"
11627,37891,1,NA,0.333333333333333,NA,1,0,1,0,0,"FALSE"
67821,92768,1,NA,0,NA,1,0,1,0,0,"FALSE"
7995,29931,1,NA,0.125,NA,1,1,1,0,0,"FALSE"
32802,71021,1,NA,0,NA,1,1,0,0,0,"FALSE"
26181,58204,0.285714285714286,0,1,NA,1,0,1,1,0,"FALSE"
7006,23770,0.4,NA,0.181818181818182,NA,1,0,1,0,0,"FALSE"
47392,71127,1,NA,0.111111111111111,NA,1,0,0,1,0,"FALSE"
25982,74130,1,NA,0,NA,1,0,1,0,0,"FALSE"
58835,78930,0.4,NA,0,NA,1,0,0,1,0,"FALSE"
48591,71692,0,NA,0.5,NA,1,0,1,0,0,"FALSE"
20968,79257,1,NA,0.125,NA,1,0,1,0,0,"FALSE"
2705,27821,1,NA,0.285714285714286,NA,1,1,0,0,0,"FALSE"
28417,87902,1,NA,0,NA,1,1,0,0,0,"FALSE"
14855,51442,0,NA,0.714285714285714,NA,1,0,0,0,0,"FALSE"
2202,91202,1,NA,0.222222222222222,NA,1,0,0,1,0,"FALSE"
42090,49247,1,NA,0.285714285714286,NA,1,0,1,0,0,"FALSE"
32868,97791,0.857142857142857,NA,0.3,NA,1,1,0,0,0,"FALSE"
30742,55274,0.222222222222222,NA,1,NA,1,0,0,0,0,"FALSE"
2614,73692,0.222222222222222,NA,0.5,NA,1,0,0,0,0,"FALSE"
6380,41835,1,NA,0.428571428571429,NA,1,1,0,0,0,"FALSE"
3772,30997,1,1,0.125,NA,1,0,1,1,0,"FALSE"
20038,28589,0.875,NA,0.2,NA,1,0,0,1,0,"FALSE"
90084,93236,1,NA,0,NA,1,0,1,0,0,"FALSE"
21129,45875,1,NA,0.0769230769230769,NA,1,0,0,1,0,"FALSE"
19761,73155,1,NA,0.125,NA,1,0,0,1,0,"FALSE"
78633,89003,0.142857142857143,NA,0,NA,1,0,0,0,0,"FALSE"
75014,97391,0.4,1,0.25,NA,1,0,0,1,0,"FALSE"
51298,86894,0.857142857142857,NA,0,NA,1,0,0,1,0,"FALSE"
21554,81675,0.5,NA,1,NA,1,0,0,0,0,"FALSE"
3578,21509,1,NA,0.111111111111111,NA,1,1,0,0,0,"FALSE"
75623,92303,1,1,0.111111111111111,NA,1,0,1,0,0,"FALSE"
55944,82861,1,NA,0.1,NA,1,0,1,0,0,"FALSE"
72584,82244,1,NA,0.142857142857143,NA,1,0,1,0,0,"FALSE"
92,64172,1,NA,0.25,NA,1,0,1,0,0,"FALSE"
37042,52341,0.833333333333333,NA,0.375,NA,1,0,1,0,0,"FALSE"
978,54892,1,NA,0.272727272727273,NA,1,0,1,1,0,"FALSE"
26807,62998,1,NA,0,NA,1,0,1,1,0,"FALSE"
14201,91478,1,NA,0,NA,1,0,1,0,0,"FALSE"
71311,90493,1,1,0.125,NA,1,0,0,1,0,"FALSE"
33730,68455,0.142857142857143,NA,1,NA,1,0,0,0,0,"FALSE"
2263,40153,0.333333333333333,NA,0.833333333333333,NA,1,0,0,0,0,"FALSE"
47035,87767,1,NA,0.272727272727273,NA,1,1,0,0,0,"FALSE"
3782,90598,1,NA,0,NA,1,0,1,0,0,"FALSE"
37008,50196,0.333333333333333,NA,0.888888888888889,NA,1,0,1,0,0,"FALSE"
3588,38691,0,NA,0.857142857142857,NA,1,0,0,0,0,"FALSE"
67374,97470,0.125,NA,0.857142857142857,NA,1,0,0,0,0,"FALSE"
15995,89249,0.4,NA,0.166666666666667,NA,1,0,1,0,0,"FALSE"
78045,97292,1,NA,0.142857142857143,NA,1,0,1,0,0,"FALSE"
41903,57173,1,NA,0.111111111111111,NA,1,0,0,1,0,"FALSE"
88969,99575,1,NA,0,NA,1,0,0,1,0,"FALSE"
49215,69847,1,NA,0.111111111111111,NA,1,0,0,1,0,"FALSE"
17353,88728,0.333333333333333,NA,1,NA,1,0,0,0,0,"FALSE"
41716,42594,1,NA,0.0833333333333334,NA,1,0,0,1,0,"FALSE"
65099,92428,1,NA,0.111111111111111,NA,1,1,0,0,0,"FALSE"
55087,83852,1,NA,0,NA,1,0,0,1,0,"FALSE"
31928,97492,0.125,NA,0.857142857142857,NA,1,0,0,0,0,"FALSE"
57802,75111,1,NA,0,NA,1,0,0,1,0,"FALSE"
45384,75838,1,NA,0.111111111111111,NA,1,0,1,0,0,"FALSE"
35376,67066,0.375,NA,1,NA,1,0,0,0,0,"FALSE"
17707,31617,0.875,NA,0.166666666666667,NA,1,1,0,0,0,"FALSE"
36176,94387,0.142857142857143,NA,0,NA,0,1,1,1,0,"FALSE"
11822,51020,0.4,NA,0.285714285714286,NA,1,0,1,0,0,"FALSE"
11198,89622,1,NA,0.142857142857143,NA,1,0,1,0,0,"FALSE"
54453,65675,0.4,NA,0.2,NA,1,0,1,0,0,"FALSE"
5311,9063,0.142857142857143,NA,0.375,NA,1,1,1,1,0,"FALSE"
22688,51382,1,NA,0,NA,1,1,0,1,0,"FALSE"
18305,53752,0,NA,0.8,NA,1,0,0,0,0,"FALSE"
23856,85271,0.875,NA,0.142857142857143,NA,1,0,0,1,0,"FALSE"
52259,88633,1,NA,0,NA,1,0,0,1,NA,"FALSE"
797,79399,0,NA,1,NA,1,0,0,0,0,"FALSE"
38402,53205,1,NA,0,NA,1,0,1,0,0,"FALSE"
35256,35460,1,NA,0,NA,1,0,1,1,0,"FALSE"
19732,71169,1,NA,0.166666666666667,NA,1,1,0,0,0,"FALSE"
18733,68400,1,1,0.111111111111111,NA,1,0,1,0,0,"FALSE"
16754,65001,1,NA,0.625,NA,1,0,0,1,0,"FALSE"
1137,50788,0,NA,1,NA,1,0,0,0,0,"FALSE"
22671,29073,0.888888888888889,NA,0,NA,1,0,1,0,0,"FALSE"
56609,69003,1,NA,0,NA,1,1,0,0,0,"FALSE"
2589,80898,1,NA,0.166666666666667,NA,1,0,1,0,0,"FALSE"
95070,96041,1,NA,0.125,NA,1,0,1,0,0,"FALSE"
32014,96194,1,NA,0.1,NA,1,0,1,0,0,"FALSE"
29660,59096,0.111111111111111,NA,1,NA,1,0,0,0,0,"FALSE"
886,78204,0.4,0.5,1,NA,1,0,0,0,0,"FALSE"
550,86998,0.125,NA,1,NA,1,0,0,0,0,"FALSE"
25038,27853,0.285714285714286,NA,1,NA,1,0,0,0,0,"FALSE"
14277,94956,1,NA,0,NA,1,0,1,0,0,"FALSE"
16552,95597,1,NA,0.125,NA,1,0,0,1,0,"FALSE"
51807,72744,1,NA,0.333333333333333,NA,0,0,1,0,0,"FALSE"
52328,71611,1,NA,0.1,NA,0,0,1,0,0,"FALSE"
8693,92066,1,NA,0.125,NA,1,0,0,1,0,"FALSE"
50541,68053,0.125,NA,0.857142857142857,NA,1,0,0,0,0,"FALSE"
48304,96492,0.875,NA,0,NA,1,1,0,0,0,"FALSE"
20914,30078,1,NA,0.285714285714286,NA,1,0,1,0,0,"FALSE"
32686,62094,1,NA,0.166666666666667,NA,1,0,1,0,0,"FALSE"
16621,57827,1,NA,0.428571428571429,NA,1,0,0,1,0,"FALSE"
55723,70956,1,NA,0.142857142857143,NA,1,0,0,1,0,"FALSE"
10265,92994,0.125,NA,1,NA,1,0,0,0,0,"FALSE"
16136,68762,1,NA,0.25,NA,1,0,1,0,0,"FALSE"
29189,67903,0.111111111111111,NA,1,NA,1,0,0,0,0,"FALSE"
13441,18652,1,NA,0,NA,1,0,0,1,0,"FALSE"
12319,45012,0.166666666666667,NA,0.5,NA,1,0,0,0,0,"FALSE"
26787,86289,0.888888888888889,NA,0.444444444444444,NA,1,0,1,0,0,"FALSE"
540,29502,1,NA,0.142857142857143,NA,1,0,1,0,0,"FALSE"
42674,48832,1,NA,0,NA,1,0,1,0,0,"FALSE"
86040,97148,0.111111111111111,NA,0.2,NA,0,1,1,1,0,"FALSE"
58036,83815,0.125,NA,1,NA,1,0,0,0,0,"FALSE"
75295,83023,0.285714285714286,NA,0.857142857142857,NA,1,0,0,0,0,"FALSE"
10574,90879,0.125,NA,0,NA,0,1,1,1,0,"FALSE"
797,54538,0.166666666666667,NA,0.3,NA,0,1,1,1,0,"FALSE"
79770,87520,0.333333333333333,NA,0.25,NA,1,0,0,1,0,"FALSE"
30011,75931,1,NA,0.1,NA,1,0,1,0,0,"FALSE"
27336,90660,0.166666666666667,NA,0,NA,0,1,1,1,0,"FALSE"
5248,14394,1,NA,0,NA,1,0,1,0,0,"FALSE"
27450,77963,0.222222222222222,NA,0.75,NA,1,0,0,0,0,"FALSE"
54416,72085,0.111111111111111,NA,0.142857142857143,NA,0,1,1,1,0,"FALSE"
33245,92908,0.166666666666667,NA,0.833333333333333,NA,1,0,0,0,0,"FALSE"
77828,85872,1,NA,0,NA,1,0,0,1,0,"FALSE"
62380,95826,0,NA,1,NA,1,1,0,0,0,"FALSE"
56822,63048,0.444444444444444,NA,0,NA,1,0,0,1,0,"FALSE"
6476,67615,0.888888888888889,NA,0.1,NA,1,0,1,0,0,"FALSE"
15054,31389,1,NA,0.2,NA,1,0,1,0,0,"FALSE"
22864,72562,1,NA,0.0909090909090909,NA,1,0,0,1,0,"FALSE"
10517,50129,1,NA,0.111111111111111,NA,1,0,1,0,0,"FALSE"
68821,77590,0,NA,0.4,NA,1,0,0,0,0,"FALSE"
3961,51263,1,NA,0.375,NA,1,0,1,0,0,"FALSE"
28430,63299,1,NA,0.142857142857143,NA,1,1,0,0,0,"FALSE"
67661,80785,0,NA,0.571428571428571,NA,1,0,0,0,0,"FALSE"
48493,62865,1,NA,0.25,NA,1,0,1,0,0,"FALSE"
31400,44848,1,NA,0.2,NA,1,0,0,1,0,"FALSE"
61391,68656,1,NA,0.230769230769231,NA,1,0,0,1,0,"FALSE"
7625,60940,0.8,NA,0,NA,1,1,0,0,0,"FALSE"
41651,69644,1,NA,0.0909090909090909,NA,1,0,0,1,0,"FALSE"
42464,56554,1,NA,0.0909090909090909,NA,1,0,1,0,0,"FALSE"
2849,98547,1,NA,0.1,NA,1,0,1,0,0,"FALSE"
42620,72293,1,NA,0.153846153846154,NA,1,0,0,1,0,"FALSE"
5808,41957,1,NA,0,NA,1,0,0,1,0,"FALSE"
21921,65113,0,NA,0.666666666666667,NA,1,0,0,0,0,"FALSE"
69720,87489,0.111111111111111,NA,1,NA,1,0,0,0,0,"FALSE"
16190,16199,1,NA,1,NA,1,0,0,0,0,"FALSE"
8269,43456,0.4,NA,0.25,NA,1,1,0,0,0,"FALSE"
11645,18550,0,NA,0.2,NA,1,0,0,0,0,"FALSE"
52806,82171,1,NA,0.125,NA,1,1,0,0,0,"FALSE"
24053,41208,1,NA,0.2,NA,1,0,1,0,0,"FALSE"
34560,82244,1,NA,0,NA,1,0,1,0,0,"FALSE"
35741,95743,0.285714285714286,NA,0.125,NA,0,1,1,1,0,"FALSE"
44436,55303,1,NA,0.285714285714286,NA,1,0,0,1,0,"FALSE"
54994,76036,1,NA,0.3,NA,1,0,0,1,0,"FALSE"
26312,82055,1,NA,0.333333333333333,NA,1,1,0,0,0,"FALSE"
89158,99739,1,NA,0.125,NA,1,0,0,1,0,"FALSE"
46846,82778,0.333333333333333,NA,1,NA,1,0,0,0,0,"FALSE"
43271,60051,1,NA,0.25,NA,1,0,1,0,0,"FALSE"
21484,96029,0.125,NA,0.333333333333333,NA,1,0,0,0,0,"FALSE"
49612,71990,0.125,NA,0.75,NA,1,0,1,0,0,"FALSE"
84900,95829,0,NA,1,NA,1,0,0,0,0,"FALSE"
75488,94456,0.125,NA,1,NA,1,0,0,0,0,"FALSE"
42305,70182,0.333333333333333,NA,0.111111111111111,NA,0,1,1,1,0,"FALSE"
12233,87582,0.25,NA,0,NA,0,1,1,1,0,"FALSE"
8212,67216,0.4,NA,0.142857142857143,NA,1,0,1,0,0,"FALSE"
19036,99340,1,NA,0,NA,1,0,1,0,0,"FALSE"
11705,48240,1,NA,0,NA,1,0,0,1,0,"FALSE"
4486,79209,0.4,NA,0.25,NA,1,0,1,0,0,"FALSE"
41389,47223,1,NA,0.25,NA,1,0,1,0,0,"FALSE"
62743,92232,1,NA,0.142857142857143,NA,1,0,1,0,0,"FALSE"
14348,92340,1,NA,0.166666666666667,NA,1,0,1,0,0,"FALSE"
7457,24424,1,NA,0.125,NA,1,0,1,0,0,"FALSE"
22897,32985,0.166666666666667,NA,1,NA,1,0,1,0,0,"FALSE"
53706,95916,1,NA,0.1,NA,1,0,1,0,0,"FALSE"
39073,97843,0.142857142857143,NA,0.125,NA,1,1,1,1,0,"FALSE"
53514,72388,0.4,NA,0,NA,1,0,0,1,0,"FALSE"
38867,50250,1,NA,0,NA,1,0,1,0,0,"FALSE"
23075,53630,1,NA,0,NA,1,0,1,0,0,"FALSE"
58580,76963,1,NA,0.333333333333333,NA,1,0,0,1,0,"FALSE"
17659,57012,1,NA,0.285714285714286,NA,1,1,0,0,0,"FALSE"
55363,97737,1,NA,0,NA,1,0,1,0,0,"FALSE"
21823,41636,0.8,NA,0.333333333333333,NA,1,0,0,1,0,"FALSE"
47224,82568,1,NA,0.125,NA,1,1,0,0,0,"FALSE"
60945,91587,0.4,NA,0.142857142857143,NA,1,0,1,0,0,"FALSE"
35705,97771,1,1,0.285714285714286,NA,1,0,1,0,0,"FALSE"
36954,47709,0.428571428571429,NA,0,NA,1,1,1,1,0,"FALSE"
31177,82082,0.125,NA,1,NA,1,0,0,0,0,"FALSE"
1058,41899,0.25,NA,1,NA,1,0,0,0,1,"FALSE"
65381,78868,1,NA,0.125,NA,1,0,1,1,0,"FALSE"
8089,38842,1,NA,0.142857142857143,NA,1,0,1,0,0,"FALSE"
4165,73005,1,NA,0.125,NA,1,0,1,0,0,"FALSE"
2139,86433,1,NA,0.142857142857143,NA,1,0,1,0,0,"FALSE"
60946,67276,1,NA,0.142857142857143,NA,1,0,1,0,0,"FALSE"
30039,53817,1,NA,0.142857142857143,NA,1,1,0,0,0,"FALSE"
7325,33387,1,NA,0.285714285714286,NA,1,0,0,1,0,"FALSE"
51397,83155,1,NA,0.181818181818182,NA,1,0,0,1,0,"FALSE"
14749,27979,1,NA,0.25,NA,1,0,1,0,0,"FALSE"
1551,24753,1,NA,0,NA,1,0,1,0,0,"FALSE"
5278,18751,1,NA,0.333333333333333,NA,1,0,1,0,0,"FALSE"
36114,95702,0.222222222222222,NA,0.666666666666667,NA,1,0,0,0,0,"FALSE"
37472,60890,0.285714285714286,NA,0.857142857142857,NA,1,0,0,0,0,"FALSE"
13810,28932,1,NA,0.166666666666667,NA,1,1,0,0,0,"FALSE"
95256,99345,1,NA,0.428571428571429,NA,1,1,0,0,0,"FALSE"
79724,82689,1,NA,0.2,NA,1,1,1,0,0,"FALSE"
21764,49217,1,NA,0.125,NA,1,1,0,0,0,"FALSE"
4910,32217,1,NA,0,NA,0,0,1,0,0,"FALSE"
64813,70250,1,NA,0.2,NA,1,0,0,0,0,"FALSE"
14180,87272,1,NA,0.125,NA,1,0,1,0,0,"FALSE"
16699,79058,0,NA,1,NA,1,0,0,0,0,"FALSE"
47643,59102,0.375,NA,1,NA,1,0,0,0,0,"FALSE"
2669,55006,1,NA,0.1,NA,1,0,1,0,0,"FALSE"
52428,91113,1,NA,0.125,NA,1,1,0,0,0,"FALSE"
27784,73716,1,NA,0.333333333333333,NA,1,0,0,1,0,"FALSE"
38588,56133,1,NA,0.272727272727273,NA,1,1,0,0,0,"FALSE"
35955,48777,0.4,NA,0,NA,1,0,1,0,0,"FALSE"
47284,49869,1,NA,0.153846153846154,NA,1,0,1,0,0,"FALSE"
21559,46468,1,NA,0,NA,1,0,1,0,0,"FALSE"
46846,58886,0.1,NA,1,NA,1,NA,NA,NA,0,"FALSE"
20932,58824,0.125,NA,0.4,NA,1,1,0,0,0,"FALSE"
30202,81716,1,NA,0,NA,1,0,0,1,0,"FALSE"
83387,88252,0.428571428571429,NA,0.5,NA,1,0,0,0,0,"FALSE"
1474,73929,1,NA,0.125,NA,1,0,0,1,0,"FALSE"
32949,76342,1,NA,0.125,NA,1,0,1,0,0,"FALSE"
1890,14942,1,NA,0.125,NA,1,0,1,0,0,"FALSE"
33268,94206,1,NA,0.571428571428571,NA,1,0,1,0,0,"FALSE"
28061,37810,1,NA,0,NA,1,0,1,0,0,"FALSE"
38643,91133,1,NA,0,NA,1,0,1,0,0,"FALSE"
2261,33068,0.111111111111111,NA,0.153846153846154,NA,0,1,1,1,0,"FALSE"
45387,50416,0.166666666666667,NA,0.166666666666667,NA,1,1,1,1,0,"FALSE"
18028,86854,1,NA,0.2,NA,1,1,0,0,0,"FALSE"
12775,77457,1,NA,0,NA,1,0,0,1,0,"FALSE"
50682,83413,0.4,NA,0.5,NA,1,1,0,0,0,"FALSE"
55688,66487,1,NA,0.222222222222222,NA,1,0,1,0,0,"FALSE"
49658,84869,1,NA,0.142857142857143,NA,1,0,0,1,0,"FALSE"
8678,46711,1,NA,0.142857142857143,NA,1,0,1,0,0,"FALSE"
41838,46605,1,NA,0,NA,1,1,0,0,0,"FALSE"
67087,76511,0.8,NA,0.111111111111111,NA,1,1,1,0,0,"FALSE"
37264,76387,1,NA,0.166666666666667,NA,1,0,0,1,0,"FALSE"
7921,43450,1,NA,0,NA,1,0,0,1,0,"FALSE"
5025,23944,1,NA,0,NA,1,0,1,0,0,"FALSE"
3005,75794,1,NA,0.166666666666667,NA,1,0,0,1,0,"FALSE"
19757,27562,0.111111111111111,NA,1,NA,1,0,0,0,0,"FALSE"
52819,74840,1,NA,0.1,NA,1,0,1,0,0,"FALSE"
68535,95690,1,NA,0.5,NA,1,0,0,1,0,"FALSE"
71533,84303,0.25,NA,0.25,NA,1,0,1,0,0,"FALSE"
20275,20324,0.125,NA,0,NA,0,1,1,1,0,"FALSE"
84121,91556,1,NA,0,NA,1,0,0,1,0,"FALSE"
51470,83033,1,NA,0,NA,1,1,0,0,0,"FALSE"
84394,91524,0.25,NA,1,NA,1,0,0,0,0,"FALSE"
55814,57855,0,NA,0.142857142857143,NA,1,0,1,0,0,"FALSE"
30626,64500,1,NA,0.142857142857143,NA,1,1,0,0,0,"FALSE"
34387,43286,0,NA,0.111111111111111,NA,1,0,1,0,0,"FALSE"
58139,73814,1,NA,0.125,NA,1,0,1,0,0,"FALSE"
73440,87597,0.125,NA,0.5,NA,1,0,0,0,0,"FALSE"
526,1758,1,NA,0.166666666666667,NA,1,0,0,1,0,"FALSE"
2161,35940,1,NA,0.2,NA,1,1,0,0,0,"FALSE"
50184,91494,1,NA,0.166666666666667,NA,1,0,1,0,0,"FALSE"
44577,78935,1,NA,0.142857142857143,NA,1,0,1,0,0,"FALSE"
30384,63312,1,NA,0.125,NA,1,1,0,0,0,"FALSE"
1432,91089,0.9,NA,0.285714285714286,NA,1,0,1,0,0,"FALSE"
33230,46919,1,NA,0,NA,1,0,0,1,0,"FALSE"
92202,95077,0.111111111111111,NA,1,NA,1,0,1,0,0,"FALSE"
65837,79055,1,NA,0.285714285714286,NA,1,0,1,0,0,"FALSE"
33169,59481,1,NA,0.2,NA,1,1,0,0,0,"FALSE"
26221,74557,0.2,NA,0.833333333333333,NA,1,0,0,0,0,"FALSE"
49291,73396,1,NA,0,NA,1,0,1,0,0,"FALSE"
52800,86380,1,NA,0.125,NA,1,0,1,0,0,"FALSE"
14216,21667,1,NA,0.285714285714286,NA,1,1,0,0,0,"FALSE"
32817,55514,0.833333333333333,NA,0.142857142857143,NA,1,1,1,0,0,"FALSE"
5394,35799,1,NA,0.142857142857143,NA,1,0,1,0,0,"FALSE"
50940,60366,1,NA,0,NA,1,0,1,0,0,"FALSE"
2081,28291,1,NA,0.125,NA,1,0,1,0,0,"FALSE"
39372,74116,1,NA,0,NA,1,0,0,1,0,"FALSE"
4798,82987,1,NA,0,NA,1,1,0,0,0,"FALSE"
79846,85822,0,NA,0.111111111111111,NA,0,1,1,1,0,"FALSE"
75620,90818,0.5,NA,0.142857142857143,NA,1,1,1,1,0,"FALSE"
29304,39163,1,NA,0.166666666666667,NA,1,0,1,0,0,"FALSE"
38164,73714,1,NA,0.307692307692308,NA,1,0,1,0,0,"FALSE"
2361,25230,1,1,0.272727272727273,NA,1,0,1,0,0,"FALSE"
39736,81804,1,NA,0.166666666666667,NA,1,0,1,0,0,"FALSE"
50541,81396,0.333333333333333,NA,0.857142857142857,NA,1,0,0,0,0,"FALSE"
71111,81114,1,NA,0.142857142857143,NA,1,1,0,0,0,"FALSE"
84813,85519,1,NA,0.111111111111111,NA,1,1,0,0,0,"FALSE"
46880,81091,1,1,0.142857142857143,NA,1,0,1,0,0,"FALSE"
154,15100,0.142857142857143,NA,1,NA,1,0,0,0,0,"FALSE"
43775,87794,1,NA,0.2,NA,1,0,1,0,0,"FALSE"
28020,37491,1,NA,0.125,NA,1,0,1,0,0,"FALSE"
13049,73362,0.111111111111111,NA,0.125,NA,1,1,1,1,0,"FALSE"
11407,41028,1,NA,0,NA,1,0,1,0,0,"FALSE"
28804,30364,1,NA,0.1,NA,1,0,1,0,0,"FALSE"
41478,65937,1,NA,0.1,NA,1,0,1,0,0,"FALSE"
90848,97225,1,NA,0.111111111111111,NA,1,0,1,0,0,"FALSE"
32173,47126,0.166666666666667,NA,0.125,NA,1,0,1,0,0,"FALSE"
21707,85822,0,NA,1,NA,1,0,0,0,0,"FALSE"
46556,93485,1,NA,0,NA,1,0,0,1,0,"FALSE"
14915,33020,1,NA,0,NA,1,0,1,0,0,"FALSE"
1791,63198,0,NA,0.111111111111111,NA,1,1,1,1,0,"FALSE"
43163,56239,1,NA,0.166666666666667,NA,1,0,1,0,0,"FALSE"
77259,99696,1,NA,0.142857142857143,NA,1,1,0,0,0,"FALSE"
2110,8016,0,NA,1,NA,1,0,0,0,0,"FALSE"
70102,75508,1,NA,0.125,NA,1,1,0,0,0,"FALSE"
2381,67128,1,NA,0.3,NA,1,0,1,0,0,"FALSE"
10006,53262,0.25,NA,1,NA,1,0,0,0,0,"FALSE"
41080,60702,1,NA,0.444444444444444,NA,1,0,0,1,0,"FALSE"
33595,39182,1,NA,0,NA,1,1,0,0,0,"FALSE"
1151,11822,0.4,NA,0,NA,1,0,0,1,0,"FALSE"
68970,98544,0.166666666666667,NA,0.142857142857143,NA,0,1,1,1,0,"FALSE"
7907,22420,1,NA,0.230769230769231,NA,1,0,1,0,0,"FALSE"
42949,87019,1,NA,0.111111111111111,NA,1,1,0,0,0,"FALSE"
37591,87728,0.2,NA,0.5,NA,1,0,0,0,0,"FALSE"
28020,36237,0.222222222222222,NA,0.857142857142857,NA,1,0,1,0,0,"FALSE"
79035,82194,0.4,NA,0.166666666666667,NA,1,1,0,0,0,"FALSE"
50018,74298,0.4,NA,0,NA,0,0,1,0,0,"FALSE"
15425,65501,1,NA,0,NA,1,0,1,0,0,"FALSE"
44481,85326,1,NA,0.125,NA,1,0,1,0,0,"FALSE"
26712,78985,1,NA,0.142857142857143,NA,1,1,0,0,0,"FALSE"
62062,74873,0,NA,0.666666666666667,NA,1,0,0,0,0,"FALSE"
79938,90908,1,NA,0,NA,1,1,0,0,0,"FALSE"
39711,96066,0.4,NA,0.571428571428571,NA,1,0,0,0,0,"FALSE"
10605,24619,0.4,NA,0.111111111111111,NA,1,0,0,1,0,"FALSE"
12162,64897,1,NA,0.222222222222222,NA,1,0,1,0,0,"FALSE"
3327,75479,0,NA,1,NA,1,0,0,0,0,"FALSE"
67237,69228,0.333333333333333,NA,0.875,NA,1,0,0,0,0,"FALSE"
17469,65767,1,NA,0.142857142857143,NA,1,0,0,1,0,"FALSE"
54715,86360,0.333333333333333,NA,0.4,NA,1,0,1,0,0,"FALSE"
85963,99277,0.25,NA,1,NA,1,0,0,1,0,"FALSE"
36394,62279,1,NA,0,NA,1,0,1,1,0,"FALSE"
36192,70035,1,NA,0.1,NA,1,0,0,1,0,"FALSE"
69970,88788,1,NA,0.222222222222222,NA,1,0,1,0,0,"FALSE"
17888,18685,0.3,NA,0.5,NA,1,0,0,0,0,"FALSE"
20810,40198,0.875,NA,0.166666666666667,NA,1,0,0,1,0,"FALSE"
63629,98310,1,NA,0.230769230769231,NA,1,0,1,0,0,"FALSE"
53047,53428,1,NA,0,NA,1,0,1,0,0,"FALSE"
26590,57422,1,NA,0,NA,1,0,1,0,0,"FALSE"
32419,77977,1,NA,0.222222222222222,NA,1,0,1,0,0,"FALSE"
34967,37480,1,NA,0,NA,1,0,1,0,0,"FALSE"
661,89678,1,NA,0.111111111111111,NA,1,0,1,0,0,"FALSE"
26487,81722,1,NA,0.222222222222222,NA,1,0,1,0,0,"FALSE"
51255,58214,0,NA,0.5,NA,1,0,0,0,0,"FALSE"
33367,92316,0,NA,0.666666666666667,NA,1,0,0,0,0,"FALSE"
1607,25968,0.142857142857143,NA,0.875,NA,1,0,0,0,0,"FALSE"
18213,67737,1,NA,0.125,NA,1,1,0,0,0,"FALSE"
4989,16689,1,NA,0.0909090909090909,NA,1,1,1,0,0,"FALSE"
20466,71637,1,NA,0,NA,1,0,1,0,0,"FALSE"
40472,71972,1,NA,0,NA,1,1,0,0,0,"FALSE"
7310,55474,1,NA,0,NA,1,0,1,0,0,"FALSE"
36973,37549,0.166666666666667,NA,0.166666666666667,NA,1,0,0,0,0,"FALSE"
31333,36701,1,NA,0.125,NA,1,0,1,0,0,"FALSE"
15426,82554,0.75,NA,0.375,NA,1,0,1,0,0,"FALSE"
17767,98917,1,NA,0.272727272727273,NA,1,0,1,0,0,"FALSE"
5861,96535,0.25,NA,1,NA,1,0,0,0,0,"FALSE"
7370,76648,0.166666666666667,NA,0.857142857142857,NA,1,0,0,0,0,"FALSE"
33173,89837,0,NA,0.5,NA,1,0,0,0,0,"FALSE"
4491,80986,0.125,NA,0.857142857142857,NA,1,0,0,0,0,"FALSE"
76717,82723,1,NA,0,NA,1,0,1,0,0,"FALSE"
40804,82505,0.857142857142857,NA,0.222222222222222,NA,1,0,1,0,0,"FALSE"
15673,91473,1,NA,0.125,NA,1,0,1,0,0,"FALSE"
12601,91190,1,NA,0,NA,1,0,1,0,0,"FALSE"
36905,94543,0.222222222222222,NA,0.714285714285714,NA,1,0,0,0,0,"FALSE"
37849,63358,1,NA,0.1,NA,1,0,1,0,0,"FALSE"
30973,43629,1,NA,0.571428571428571,NA,1,0,1,0,0,"FALSE"
96944,97672,0.166666666666667,NA,1,NA,1,0,1,0,0,"FALSE"
10839,83160,0.375,NA,0.714285714285714,NA,1,0,0,0,0,"FALSE"
13375,57044,1,NA,0,NA,1,0,1,0,0,"FALSE"
36682,44200,0.222222222222222,NA,0.6,NA,1,0,0,0,0,"FALSE"
30250,39787,1,NA,0.0909090909090909,NA,1,0,0,1,0,"FALSE"
6692,6699,0.285714285714286,NA,1,NA,1,0,0,0,0,"FALSE"
5376,17831,0.125,NA,1,NA,1,0,0,0,0,"FALSE"
4533,20395,1,NA,0.166666666666667,NA,1,0,0,1,0,"FALSE"
24005,27881,1,NA,0,NA,1,0,1,0,0,"FALSE"
14892,98181,0.166666666666667,NA,1,NA,1,0,0,0,0,"FALSE"
61040,68793,1,NA,0.166666666666667,NA,1,0,1,0,0,"FALSE"
41015,81347,0.142857142857143,NA,0.6,NA,1,0,0,0,0,"FALSE"
16791,58152,1,NA,0,NA,1,0,1,0,0,"FALSE"
7079,24891,1,NA,0.25,NA,1,0,1,0,0,"FALSE"
29451,57421,1,NA,0.25,NA,1,0,1,0,0,"FALSE"
75534,76884,0.125,NA,1,NA,1,0,0,0,0,"FALSE"
13143,76853,1,NA,0.1,NA,0,0,0,1,0,"FALSE"
735,51124,0.142857142857143,NA,0.5,NA,1,0,1,0,0,"FALSE"
26518,60752,1,NA,0.25,NA,1,1,0,0,0,"FALSE"
1097,45134,0.4,NA,0.166666666666667,NA,1,1,0,0,0,"FALSE"
45187,78199,0.888888888888889,NA,0,NA,1,1,0,0,0,"FALSE"
15266,20865,0,NA,0.5,NA,1,0,0,0,0,"FALSE"
11393,99780,0.166666666666667,NA,1,NA,1,0,0,0,0,"FALSE"
40890,78841,0.2,NA,0.8,NA,1,0,0,0,0,"FALSE"
95233,99163,0,0.285714285714286,0.4,NA,1,0,0,0,0,"FALSE"
40793,68079,0,NA,1,NA,1,0,0,0,0,"FALSE"
45738,85330,0.166666666666667,NA,0.75,NA,1,0,1,0,0,"FALSE"
24126,39797,0,NA,1,NA,1,0,0,0,0,"FALSE"
41821,96623,0.333333333333333,NA,1,NA,1,0,0,0,0,"FALSE"
8246,9860,1,NA,0.142857142857143,NA,1,0,1,0,0,"FALSE"
60660,93725,0.4,NA,0.363636363636364,NA,1,1,0,0,0,"FALSE"
37669,85306,0.25,NA,1,NA,1,0,0,0,0,"FALSE"
17100,39346,1,NA,0.125,NA,1,0,0,1,0,"FALSE"
36994,53881,0.25,NA,0.857142857142857,NA,1,0,0,0,0,"FALSE"
30641,38894,1,NA,0.888888888888889,NA,1,0,0,0,0,"FALSE"
34393,43237,0.166666666666667,NA,1,NA,1,0,0,0,0,"FALSE"
3381,58429,1,NA,0.5,NA,1,0,0,1,0,"FALSE"
28910,85890,0.833333333333333,NA,0,NA,1,1,0,0,0,"FALSE"
1549,56449,1,NA,0.111111111111111,NA,1,0,0,1,0,"FALSE"
3540,53960,1,NA,0.272727272727273,NA,1,0,1,0,0,"FALSE"
86621,91834,1,NA,0,NA,1,0,1,0,0,"FALSE"
8932,34263,1,NA,0.125,NA,1,0,0,1,0,"FALSE"
20831,91414,1,NA,0.125,NA,1,0,1,0,0,"FALSE"
20800,30671,1,NA,0.181818181818182,NA,1,1,0,0,0,"FALSE"
83972,92562,0.4,NA,0,NA,0,0,0,1,0,"FALSE"
26950,77121,0.2,NA,1,NA,1,0,0,0,0,"FALSE"
71900,72910,0.142857142857143,NA,0.4,NA,1,0,0,0,0,"FALSE"
69419,96806,0,NA,1,NA,1,0,0,0,0,"FALSE"
68131,85791,0,NA,0,NA,1,1,1,1,0,"FALSE"
61458,77922,1,NA,0.222222222222222,NA,1,0,0,1,0,"FALSE"
6452,75090,1,NA,0,NA,1,0,0,1,0,"FALSE"
13930,44430,1,NA,0.2,NA,1,1,0,0,0,"FALSE"
14545,78367,1,NA,0,NA,1,1,0,0,0,"FALSE"
10183,99194,1,NA,0.333333333333333,NA,1,0,1,0,0,"FALSE"
27559,98803,1,NA,0.142857142857143,NA,1,0,1,0,0,"FALSE"
74002,76114,0.222222222222222,NA,0.8,NA,1,0,0,0,0,"FALSE"
68533,70644,0,NA,0.857142857142857,NA,1,0,1,0,0,"FALSE"
57170,82808,1,NA,0.0769230769230769,NA,1,0,1,0,0,"FALSE"
4548,33977,0.285714285714286,NA,0,NA,0,1,1,1,0,"FALSE"
67120,98110,0,NA,0.25,NA,1,1,1,1,0,"FALSE"
16032,38895,0.125,NA,0.888888888888889,NA,1,0,0,0,0,"FALSE"
18938,83009,1,NA,0.222222222222222,NA,1,1,0,0,0,"FALSE"
5172,90470,1,NA,0,NA,1,0,0,1,0,"FALSE"
16828,53518,0.75,NA,0.2,NA,1,1,0,0,0,"FALSE"
13848,92623,1,NA,0.142857142857143,NA,1,0,0,1,0,"FALSE"
41295,46043,0.25,NA,1,NA,1,0,0,0,0,"FALSE"
38682,46233,0.5,NA,1,NA,1,0,0,0,0,"FALSE"
10518,97019,1,NA,0,NA,1,0,1,0,0,"FALSE"
20713,43622,1,NA,0,NA,1,1,0,0,0,"FALSE"
17878,68079,1,NA,0.181818181818182,NA,1,1,0,0,0,"FALSE"
50629,64855,0.75,NA,0.142857142857143,NA,1,1,0,0,0,"FALSE"
55505,97266,1,NA,0.25,NA,1,0,1,0,0,"FALSE"
5061,94815,0.125,NA,1,NA,1,0,0,0,0,"FALSE"
32198,89163,0,NA,0.6,NA,1,0,0,0,0,"FALSE"
78275,92089,1,NA,0.25,NA,1,0,0,1,0,"FALSE"
67493,95380,0.4,NA,1,NA,1,0,0,0,0,"FALSE"
40623,65491,1,NA,0.285714285714286,NA,1,1,1,0,0,"FALSE"
1010,84099,0.428571428571429,NA,0.4,NA,1,1,1,1,0,"FALSE"
58535,87362,1,NA,0.125,NA,1,0,1,0,0,"FALSE"
16625,72024,1,NA,0.25,NA,1,0,1,0,0,"FALSE"
61293,97264,1,NA,0.111111111111111,NA,1,0,1,0,0,"FALSE"
27495,64531,1,NA,0.166666666666667,NA,1,0,1,0,0,"FALSE"
247,28836,0,NA,0.8,NA,1,0,0,0,0,"FALSE"
28070,37777,1,NA,0,NA,1,0,1,0,0,"FALSE"
71400,72633,0.111111111111111,NA,1,NA,1,0,0,0,0,"FALSE"
31103,60261,1,NA,0.2,NA,1,0,1,0,0,"FALSE"
16119,75552,1,NA,0.222222222222222,NA,1,0,1,0,0,"FALSE"
32266,85555,1,NA,0.222222222222222,NA,1,0,1,0,0,"FALSE"
49102,70772,0.125,NA,1,NA,1,0,0,0,0,"FALSE"
30904,38015,1,NA,0.125,NA,1,1,1,0,0,"FALSE"
18186,63837,0.125,NA,0.6,NA,1,1,0,0,0,"FALSE"
50937,68102,0.25,NA,1,NA,1,0,0,0,0,"FALSE"
40395,60144,0.875,NA,0.142857142857143,NA,1,0,0,1,0,"FALSE"
28655,37505,0,NA,0.857142857142857,NA,1,0,0,0,0,"FALSE"
85479,88055,0.111111111111111,NA,0.571428571428571,NA,1,0,0,0,0,"FALSE"
14628,82838,1,NA,0,NA,1,0,1,0,0,"FALSE"
38520,63000,1,NA,0,NA,1,0,0,1,0,"FALSE"
25911,90778,1,NA,0.142857142857143,NA,1,1,1,0,0,"FALSE"
90115,96008,0.142857142857143,NA,0.75,NA,1,0,0,0,0,"FALSE"
23673,71271,0.125,NA,1,NA,1,0,0,0,0,"FALSE"
43835,47892,1,NA,0.166666666666667,NA,1,0,1,0,0,"FALSE"
52800,82791,0.4,NA,0.125,NA,1,0,1,0,0,"FALSE"
29316,56819,0.166666666666667,NA,0,NA,0,1,1,1,0,"FALSE"
70174,97746,1,NA,0,NA,1,0,1,0,0,"FALSE"
6712,47072,1,NA,0.142857142857143,NA,1,0,1,0,0,"FALSE"
45548,70074,1,NA,0.181818181818182,NA,1,0,1,0,0,"FALSE"
56031,89696,0.9,NA,0.142857142857143,NA,1,0,1,0,0,"FALSE"
64130,64248,1,NA,0.4,NA,1,0,0,1,0,"FALSE"
1894,28309,1,NA,0.0909090909090909,NA,1,0,0,1,0,"FALSE"
22880,84971,0.285714285714286,NA,0.875,NA,1,0,0,0,0,"FALSE"
66095,73327,0.4,NA,0.2,NA,1,0,1,0,0,"FALSE"
64458,91084,1,NA,0.142857142857143,NA,1,1,0,0,0,"FALSE"
47549,94687,1,NA,0.3,NA,1,0,0,1,0,"FALSE"
92849,94816,0.428571428571429,NA,0.5,NA,1,0,1,0,0,"FALSE"
20728,28004,1,NA,0,NA,1,0,1,0,0,"FALSE"
60240,60361,1,1,0.125,NA,1,1,1,0,0,"FALSE"
89367,94224,0.4,0.571428571428571,0.571428571428571,NA,1,0,0,0,0,"FALSE"
19735,84484,1,NA,0,NA,1,1,0,0,0,"FALSE"
3932,51900,0.285714285714286,NA,0.2,NA,0,1,1,1,0,"FALSE"
1404,60195,1,NA,0.142857142857143,NA,1,0,0,1,0,"FALSE"
86427,99947,0.222222222222222,NA,0.3,NA,1,1,1,1,0,"FALSE"
17444,66994,1,NA,0.142857142857143,NA,1,1,0,0,0,"FALSE"
19643,99363,0.25,NA,1,NA,1,0,1,0,0,"FALSE"
21342,92417,1,NA,0,NA,1,0,1,0,0,"FALSE"
47730,77810,1,NA,0.0555555555555556,NA,1,0,1,0,0,"FALSE"
3154,65760,0,NA,0.5,NA,1,0,0,0,0,"FALSE"
56023,86143,1,NA,0,NA,1,0,1,0,0,"FALSE"
52021,54836,1,NA,0,NA,0,0,0,1,0,"FALSE"
15850,24125,1,NA,0,NA,1,1,0,0,0,"FALSE"
44743,90180,1,NA,0,NA,1,0,0,1,0,"FALSE"
18073,87668,0.2,NA,0.875,NA,1,0,0,0,0,"FALSE"
54035,76847,1,NA,0.333333333333333,NA,1,1,0,0,0,"FALSE"
42686,98223,0.4,NA,0.0909090909090909,NA,1,0,1,0,0,"FALSE"
23076,40749,0.285714285714286,NA,0.666666666666667,NA,1,0,0,0,0,"FALSE"
56225,88624,0,NA,1,NA,1,0,0,0,0,"FALSE"
93822,98188,0.111111111111111,NA,0.833333333333333,NA,1,0,0,0,0,"FALSE"
13270,63205,1,NA,0,NA,1,0,1,0,0,"FALSE"
13947,19558,1,NA,0,NA,1,0,1,0,0,"FALSE"
28520,91776,1,NA,0,NA,1,0,1,0,0,"FALSE"
6050,86275,1,NA,0,NA,1,1,0,0,0,"FALSE"
4033,11522,0,NA,0.571428571428571,NA,1,0,0,0,0,"FALSE"
1097,36958,0.4,NA,0.166666666666667,NA,1,1,0,0,0,"FALSE"
16845,27106,1,NA,0.2,NA,1,0,1,0,0,"FALSE"
4300,11426,1,NA,0.125,NA,1,0,1,0,0,"FALSE"
1112,62558,1,NA,0.166666666666667,NA,1,0,1,0,0,"FALSE"
51480,70427,1,NA,0,NA,1,0,1,0,0,"FALSE"
15297,47718,0.25,NA,0.777777777777778,NA,1,0,1,0,0,"FALSE"
30345,61289,1,NA,0.125,NA,1,1,0,0,0,"FALSE"
7488,42787,1,NA,0.125,NA,1,0,0,1,0,"FALSE"
27772,75711,1,NA,0.4,NA,1,1,0,0,0,"FALSE"
9215,96594,1,NA,0.111111111111111,NA,1,0,0,1,0,"FALSE"
7502,84372,0.333333333333333,NA,0.833333333333333,NA,1,0,0,0,0,"FALSE"
7047,77591,0.333333333333333,NA,1,NA,1,0,0,0,0,"FALSE"
35418,67889,1,NA,0.3,NA,1,0,1,0,0,"FALSE"
46213,93155,1,NA,0.142857142857143,NA,1,0,1,0,0,"FALSE"
40247,41732,1,NA,0.142857142857143,NA,1,0,1,0,0,"FALSE"
50389,87316,1,NA,0.2,NA,1,0,1,0,0,"FALSE"
16774,46460,0.111111111111111,NA,1,NA,1,0,1,0,0,"FALSE"
50704,92588,0.75,NA,0.181818181818182,NA,1,0,1,0,0,"FALSE"
43733,73773,1,NA,0.2,NA,1,1,0,0,0,"FALSE"
9357,82984,1,NA,0,NA,1,0,1,0,0,"FALSE"
71079,81570,1,NA,0,NA,1,0,1,0,0,"FALSE"
22224,52285,1,NA,0.2,NA,1,0,1,0,0,"FALSE"
59287,71954,1,NA,0,NA,1,0,1,0,0,"FALSE"
51135,65069,1,NA,0.142857142857143,NA,1,0,1,0,0,"FALSE"
30855,31331,1,NA,0.0909090909090909,NA,1,0,1,0,0,"FALSE"
3581,4595,0.222222222222222,NA,0.6,NA,1,0,0,0,0,"FALSE"
5240,68409,1,NA,0.333333333333333,NA,1,1,0,0,0,"FALSE"
30153,88240,1,NA,0,NA,1,1,0,0,0,"FALSE"
18633,53650,0.555555555555556,NA,0.857142857142857,NA,1,1,0,0,0,"FALSE"
56854,61009,1,NA,0,NA,1,0,1,0,0,"FALSE"
1964,84475,0.125,NA,1,NA,1,0,0,0,0,"FALSE"
5575,97708,1,NA,0,NA,1,0,1,0,0,"FALSE"
44424,79617,0,NA,1,NA,1,0,0,0,0,"FALSE"
1406,53325,1,NA,0.111111111111111,NA,1,0,1,0,0,"FALSE"
46477,49581,0,NA,1,NA,1,0,0,0,0,"FALSE"
1663,75833,0.4,NA,0,NA,1,0,0,1,0,"FALSE"
28577,52126,1,NA,0.142857142857143,NA,1,1,0,0,0,"FALSE"
10075,16396,0.75,NA,0.428571428571429,NA,1,0,1,0,0,"FALSE"
86285,91603,1,NA,0.1,NA,1,0,0,1,0,"FALSE"
29179,53442,1,NA,0.111111111111111,NA,1,1,0,0,0,"FALSE"
8371,90335,0,NA,0.714285714285714,NA,1,0,0,0,0,"FALSE"
25402,91001,1,NA,0.571428571428571,NA,1,0,1,0,0,"FALSE"
35362,56092,0.875,NA,0.166666666666667,NA,1,0,1,0,0,"FALSE"
27636,35653,0.25,NA,0.857142857142857,NA,1,0,0,0,0,"FALSE"
44542,50387,1,NA,0.222222222222222,NA,1,0,1,0,0,"FALSE"
15194,52059,1,NA,0.5,NA,0,0,1,0,0,"FALSE"
79156,91311,0.5,NA,0.6,NA,1,0,1,0,0,"FALSE"
21485,90388,0.5,NA,0,NA,1,0,1,0,0,"FALSE"
42384,80041,0.4,NA,0.111111111111111,NA,1,0,1,0,0,"FALSE"
34964,57024,1,NA,0.125,NA,1,0,1,0,0,"FALSE"
44280,96879,1,NA,0.166666666666667,NA,1,1,0,1,0,"FALSE"
71431,87580,1,NA,0.1,NA,1,0,1,0,0,"FALSE"
29163,95398,1,NA,0.111111111111111,NA,1,1,0,0,0,"FALSE"
24646,86896,1,NA,0.1,NA,1,1,0,0,0,"FALSE"
34818,62859,0.4,NA,0.111111111111111,NA,0,0,1,1,0,"FALSE"
34414,71003,1,NA,0,NA,1,1,0,0,0,"FALSE"
9076,84388,1,NA,0.111111111111111,NA,1,0,1,0,0,"FALSE"
30282,78662,1,NA,0,NA,1,0,1,0,0,"FALSE"
3129,90099,0.125,NA,0.8,NA,1,0,0,0,0,"FALSE"
45099,63938,0,NA,0.333333333333333,NA,1,0,0,0,0,"FALSE"
37003,76939,0.2,NA,0,NA,0,1,1,1,0,"FALSE"
40371,89643,0.166666666666667,NA,0.125,NA,0,1,1,1,0,"FALSE"
30139,98259,1,1,0.125,NA,1,0,1,1,0,"FALSE"
17133,65404,1,NA,0,NA,1,0,0,1,0,"FALSE"
15316,63679,0.25,NA,1,NA,1,0,0,0,0,"FALSE"
13130,18942,0,NA,0.25,NA,0,1,1,1,0,"FALSE"
23137,90350,0.875,NA,0.25,NA,1,0,0,1,0,"FALSE"
63681,90277,1,NA,0.142857142857143,NA,1,0,1,0,0,"FALSE"
5687,85289,0.222222222222222,NA,1,NA,1,0,1,0,0,"FALSE"
50285,67630,1,NA,0.142857142857143,NA,1,0,0,1,0,"FALSE"
9685,87551,1,NA,0,NA,1,0,1,0,0,"FALSE"
7853,46091,1,NA,0.0909090909090909,NA,1,0,0,1,0,"FALSE"
16824,97059,0.25,NA,0.272727272727273,NA,1,1,1,1,0,"FALSE"
32232,68737,1,NA,0,NA,1,0,1,0,0,"FALSE"
16079,51919,1,NA,0,NA,0,0,0,1,0,"FALSE"
19580,45483,0,NA,1,NA,1,0,0,0,0,"FALSE"
31419,97771,0,NA,0,NA,0,1,1,1,0,"FALSE"
7010,47494,0.25,NA,1,NA,1,0,1,0,0,"FALSE"
33655,99790,0.888888888888889,NA,0,NA,1,0,1,0,0,"FALSE"
2051,56269,1,NA,0.125,NA,1,0,1,0,0,"FALSE"
33702,48546,0,NA,1,NA,1,0,0,1,0,"FALSE"
62678,99658,1,NA,0.333333333333333,NA,1,1,1,0,0,"FALSE"
13388,87867,0.25,NA,0.875,NA,1,0,1,0,0,"FALSE"
5173,25363,0.4,NA,0,NA,1,1,1,0,0,"FALSE"
12595,24548,0.4,NA,0.166666666666667,NA,1,0,0,1,0,"FALSE"
24887,51627,0.25,NA,0.8,NA,1,0,0,1,0,"FALSE"
72881,83757,1,NA,0.142857142857143,NA,1,0,1,0,0,"FALSE"
88665,90626,1,NA,0,NA,1,1,0,0,0,"FALSE"
1531,30545,1,NA,0.142857142857143,NA,1,0,1,0,0,"FALSE"
17834,33840,1,NA,0.25,NA,1,0,0,1,0,"FALSE"
10066,37548,0,NA,0.166666666666667,NA,1,1,1,1,0,"FALSE"
16948,66279,1,1,0.0909090909090909,NA,1,1,0,0,0,"FALSE"
41974,72171,1,NA,0.166666666666667,NA,1,0,0,1,0,"FALSE"
26428,35348,0,NA,1,NA,1,0,0,0,0,"FALSE"
24211,39386,0.375,NA,1,NA,1,0,0,0,0,"FALSE"
11815,86010,0.166666666666667,NA,1,NA,1,0,0,0,0,"FALSE"
1975,33368,1,NA,0.333333333333333,NA,1,0,1,0,0,"FALSE"
22142,51683,1,NA,0.375,NA,1,0,0,1,0,"FALSE"
78933,94241,1,NA,0,NA,1,0,1,0,0,"FALSE"
32577,89701,0.875,NA,0.125,NA,1,0,1,0,0,"FALSE"
42139,85519,1,NA,0.375,NA,1,1,0,0,0,"FALSE"
65474,81068,1,NA,0.3,NA,1,0,1,0,0,"FALSE"
15752,24912,1,NA,0,NA,1,0,1,0,0,"FALSE"
28376,47923,0.142857142857143,NA,1,NA,1,0,0,0,0,"FALSE"
21500,46390,1,NA,0.142857142857143,NA,1,0,1,0,0,"FALSE"
66503,73612,1,NA,0,NA,1,0,1,0,0,"FALSE"
35263,40739,1,NA,0.25,NA,1,0,0,1,0,"FALSE"
11137,41882,1,NA,0,NA,1,0,0,1,0,"FALSE"
29361,40951,0,NA,0.666666666666667,NA,1,0,0,0,0,"FALSE"
40721,88860,0.142857142857143,NA,0,NA,1,1,1,1,0,"FALSE"
29049,70250,1,NA,0.285714285714286,NA,1,0,0,1,0,"FALSE"
75795,97956,1,NA,0.375,NA,0,0,0,1,0,"FALSE"
41042,48548,0.111111111111111,NA,0.2,NA,1,0,0,0,0,"FALSE"
21069,91656,1,NA,1,NA,1,0,0,0,0,"FALSE"
21285,84381,1,NA,0.333333333333333,NA,1,0,1,0,0,"FALSE"
12442,95114,1,NA,0,NA,1,0,1,0,0,"FALSE"
56243,90703,0.6,NA,0.0909090909090909,NA,1,0,0,1,0,"FALSE"
44189,62074,1,NA,0.125,NA,1,0,0,1,0,"FALSE"
24128,48512,0.4,NA,0.2,NA,1,1,0,0,0,"FALSE"
27485,44420,1,NA,0.25,NA,1,1,0,0,0,"FALSE"
59079,67335,1,NA,0.125,NA,1,0,1,0,0,"FALSE"
19972,68856,1,NA,0.25,NA,1,0,0,1,0,"FALSE"
60471,97340,1,NA,0,NA,1,0,1,0,0,"FALSE"
80145,91780,1,NA,0.181818181818182,NA,1,0,1,0,0,"FALSE"
822,99083,0.4,NA,0.0909090909090909,NA,1,0,1,0,0,"FALSE"
2010,60712,0.25,NA,1,NA,1,0,0,0,0,"FALSE"
4390,37355,0.4,NA,0,NA,1,1,1,0,0,"FALSE"
65356,74603,0,NA,0.333333333333333,NA,1,0,0,0,0,"FALSE"
2551,32569,1,NA,0,NA,1,0,1,0,0,"FALSE"
38440,53233,1,NA,0.125,NA,1,0,1,0,0,"FALSE"
21318,38794,0.6,NA,0.142857142857143,NA,1,0,1,0,0,"FALSE"
11612,43535,1,NA,0.2,NA,1,0,1,0,0,"FALSE"
19567,25302,1,NA,0.142857142857143,NA,1,0,1,0,0,"FALSE"
3815,37121,1,NA,0.142857142857143,NA,1,0,1,0,0,"FALSE"
41337,93891,1,NA,0,NA,1,0,1,0,0,"FALSE"
75087,86448,0.142857142857143,NA,1,NA,1,0,0,0,0,"FALSE"
33420,34432,1,NA,0,NA,1,0,1,0,0,"FALSE"
18663,55699,1,NA,0.0909090909090909,NA,1,0,1,0,0,"FALSE"
14276,82381,0.142857142857143,NA,0.142857142857143,NA,0,1,1,1,0,"FALSE"
51745,84096,1,NA,0,NA,1,0,1,0,0,"FALSE"
51491,85160,1,NA,0.2,NA,1,1,0,0,0,"FALSE"
13183,81521,0,NA,1,NA,1,0,0,0,0,"FALSE"
30541,97955,0,NA,0.6,NA,1,0,0,0,0,"FALSE"
20864,21479,0,NA,0.6,NA,1,0,0,0,0,"FALSE"
17110,17861,1,NA,0.25,NA,1,0,1,0,0,"FALSE"
51468,70266,1,NA,0.111111111111111,NA,1,0,1,0,0,"FALSE"
75795,78902,0,NA,0.142857142857143,NA,1,1,1,1,0,"FALSE"
5398,34851,0.4,NA,0,NA,1,0,1,0,0,"FALSE"
35121,74427,1,NA,0.222222222222222,NA,1,0,0,1,0,"FALSE"
31836,90698,0,NA,1,NA,1,1,0,0,0,"FALSE"
28708,86042,1,NA,0.125,NA,1,0,1,0,0,"FALSE"
73015,97820,0.5,NA,1,NA,1,1,0,0,0,"FALSE"
34617,73711,1,NA,0.142857142857143,NA,1,0,1,0,0,"FALSE"
13193,66753,1,NA,0,NA,1,0,0,1,0,"FALSE"
26578,40793,0,NA,0.857142857142857,NA,1,0,0,0,0,"FALSE"
37578,56863,1,NA,0.375,NA,1,0,1,0,0,"FALSE"
14486,80595,0.142857142857143,NA,1,NA,1,0,0,0,0,"FALSE"
41901,80766,1,NA,0.3,NA,1,0,1,0,0,"FALSE"
60433,78342,1,NA,0.125,NA,1,0,1,0,0,"FALSE"
16881,62082,0.25,NA,0.833333333333333,NA,1,0,0,0,0,"FALSE"
52568,76475,0.125,NA,0.75,NA,1,0,0,0,0,"FALSE"
637,88026,0.833333333333333,NA,0.166666666666667,NA,1,0,1,0,0,"FALSE"
28760,97244,1,NA,0,NA,1,0,1,1,0,"FALSE"
3598,53368,1,NA,0,NA,1,0,1,0,0,"FALSE"
57512,83466,0,NA,1,NA,1,0,0,0,0,"FALSE"
46303,72338,0.888888888888889,NA,0.111111111111111,NA,1,0,1,0,0,"FALSE"
86366,99528,1,NA,0.111111111111111,NA,1,1,0,0,0,"FALSE"
16837,44881,0.111111111111111,NA,1,NA,1,0,0,0,0,"FALSE"
54560,81791,0.333333333333333,NA,1,NA,1,0,0,0,0,"FALSE"
15012,67918,0.4,NA,0.0909090909090909,NA,1,0,0,1,0,"FALSE"
38310,86669,1,NA,0.2,NA,1,0,1,0,NA,"FALSE"
7999,48008,0,NA,1,NA,1,0,0,0,0,"FALSE"
70362,79148,1,NA,0,NA,1,0,1,0,0,"FALSE"
50409,92716,1,NA,0.230769230769231,NA,1,0,1,0,0,"FALSE"
54542,54655,1,NA,0,NA,1,0,0,1,0,"FALSE"
24495,90148,0.4,NA,0.833333333333333,NA,1,0,0,0,0,"FALSE"
9457,46213,1,NA,0,NA,1,1,0,0,0,"FALSE"
1404,35859,1,NA,0.285714285714286,NA,1,0,1,0,0,"FALSE"
3575,36981,1,NA,0,NA,1,0,1,0,0,"FALSE"
27841,51330,0.222222222222222,NA,1,NA,1,0,0,0,0,"FALSE"
26418,58843,0.5,NA,0.75,NA,1,0,0,0,0,"FALSE"
30601,75810,0.2,NA,0.833333333333333,NA,1,0,0,0,0,"FALSE"
16561,26083,1,NA,0.428571428571429,NA,1,0,0,1,0,"FALSE"
48376,86750,1,NA,0.333333333333333,NA,1,1,1,0,0,"FALSE"
8141,72962,0,NA,0.6,NA,1,0,0,0,0,"FALSE"
39640,53142,1,NA,0.166666666666667,NA,1,0,1,0,0,"FALSE"
13137,78712,0.444444444444444,NA,0.181818181818182,NA,1,1,1,1,0,"FALSE"
25310,70780,1,NA,0,NA,1,0,1,0,0,"FALSE"
26179,82315,0.285714285714286,NA,0.142857142857143,NA,0,1,1,1,0,"FALSE"
34725,54110,1,NA,0.0909090909090909,NA,1,0,0,1,0,"FALSE"
17127,66147,1,NA,0,NA,1,0,1,0,0,"FALSE"
31976,66803,1,NA,0.166666666666667,NA,1,0,1,0,0,"FALSE"
24605,73046,1,NA,0,NA,1,1,0,0,0,"FALSE"
25013,76617,0.666666666666667,NA,0,NA,0,0,1,0,0,"FALSE"
48893,95583,0.4,NA,0,NA,1,0,1,0,0,"FALSE"
285,9704,0.111111111111111,NA,1,NA,1,0,0,0,0,"FALSE"
31995,90781,1,NA,0,NA,1,1,0,0,0,"FALSE"
32967,46943,1,NA,0.0909090909090909,NA,1,0,1,0,0,"FALSE"
43964,85366,1,1,0.125,NA,1,0,1,0,0,"FALSE"
10406,31929,0.875,NA,0.125,NA,1,0,0,1,0,"FALSE"
19038,80854,1,NA,0.125,NA,1,0,1,0,0,"FALSE"
8052,79453,0.5,NA,0.333333333333333,NA,1,0,1,0,0,"FALSE"
14529,77115,0.875,NA,0.25,NA,1,0,1,0,0,"FALSE"
25823,83916,1,NA,0,NA,1,0,1,0,0,"FALSE"
2044,79830,0.4,NA,0.166666666666667,NA,1,0,0,1,0,"FALSE"
22937,42883,1,NA,0.333333333333333,NA,1,1,0,0,0,"FALSE"
18152,81484,1,NA,0,NA,1,0,1,0,0,"FALSE"
71912,88991,1,NA,0.0769230769230769,NA,1,0,1,0,0,"FALSE"
6833,76263,1,NA,0.25,NA,1,0,1,0,0,"FALSE"
4481,95118,1,NA,0.1,NA,1,0,0,1,0,"FALSE"
22442,61696,1,NA,0.2,NA,1,0,1,0,0,"FALSE"
32177,79387,0,NA,0.571428571428571,NA,1,0,0,0,0,"FALSE"
68369,74357,1,NA,0.1,NA,1,0,0,1,0,"FALSE"
28448,62558,1,NA,0.125,NA,1,0,1,0,0,"FALSE"
9249,76676,1,NA,0.3,NA,1,0,1,0,0,"FALSE"
77960,98278,0,NA,1,NA,1,0,0,0,0,"FALSE"
34955,65754,0,NA,0.2,NA,0,1,1,1,0,"FALSE"
32370,97824,1,NA,0.125,NA,1,0,1,0,0,"FALSE"
37982,87735,1,NA,0,NA,1,0,1,0,0,"FALSE"
13206,18620,0.111111111111111,NA,1,NA,1,0,1,0,0,"FALSE"
13807,23641,1,NA,0.25,NA,0,0,1,0,0,"FALSE"
31358,96931,0,NA,0.375,NA,1,1,1,1,0,"FALSE"
26648,47707,0,NA,0.125,NA,0,1,1,1,0,"FALSE"
1888,8879,1,NA,0.2,NA,1,0,1,0,0,"FALSE"
22375,82453,0.25,NA,1,NA,1,0,0,0,0,"FALSE"
10884,71936,1,NA,0.142857142857143,NA,1,0,1,0,0,"FALSE"
26464,51531,1,NA,0.1,NA,1,0,0,1,0,"FALSE"
6948,83011,1,NA,0,NA,1,0,1,0,0,"FALSE"
32609,60490,0.375,NA,0.666666666666667,NA,1,0,0,0,0,"FALSE"
86028,96297,1,NA,0.0909090909090909,NA,1,0,1,0,0,"FALSE"
9194,9940,0,NA,0.4,NA,1,0,0,0,0,"FALSE"
11357,32787,0.142857142857143,NA,1,NA,1,0,0,0,0,"FALSE"
28980,35516,0.125,NA,0.625,NA,1,0,0,0,0,"FALSE"
24247,25119,1,NA,0.166666666666667,NA,1,1,0,0,0,"FALSE"
4499,4743,1,NA,0.125,NA,1,1,0,0,0,"FALSE"
67034,71095,0,NA,0.833333333333333,NA,1,0,0,0,0,"FALSE"
30804,60938,0.125,NA,1,NA,1,0,0,0,0,"FALSE"
55125,91800,0,NA,1,NA,1,0,0,0,0,"FALSE"
55462,84381,1,NA,0,NA,1,0,1,0,0,"FALSE"
21213,96234,1,NA,0,NA,1,0,0,1,0,"FALSE"
10236,26038,0.375,NA,0.714285714285714,NA,1,0,0,0,0,"FALSE"
17096,74077,1,NA,0.375,NA,1,0,0,1,0,"FALSE"
80283,95314,0.2,NA,0.166666666666667,NA,0,1,1,1,0,"FALSE"
25517,41433,1,NA,0,NA,1,0,1,0,0,"FALSE"
36602,89027,0.125,NA,1,NA,1,0,0,0,0,"FALSE"
17899,58461,1,NA,0,NA,1,1,0,0,0,"FALSE"
62205,89005,1,NA,0.133333333333333,NA,1,0,0,1,0,"FALSE"
81070,91242,1,NA,0.142857142857143,NA,1,0,1,0,0,"FALSE"
58632,81829,0.2,NA,0.857142857142857,NA,1,0,0,0,0,"FALSE"
8849,77135,0.4,NA,0.444444444444444,NA,1,1,0,0,0,"FALSE"
53507,99633,1,NA,0,NA,1,0,1,0,0,"FALSE"
73962,79005,1,NA,0.111111111111111,NA,1,0,1,0,0,"FALSE"
17409,93131,1,NA,0.166666666666667,NA,1,0,1,0,0,"FALSE"
38574,76127,1,NA,0.285714285714286,NA,1,1,0,0,0,"FALSE"
42762,66844,0.142857142857143,NA,1,NA,1,0,1,1,0,"FALSE"
47031,93197,1,NA,0.285714285714286,NA,1,0,0,1,0,"FALSE"
68566,70567,1,NA,0,NA,1,0,1,0,0,"FALSE"
36110,57312,1,NA,0,NA,0,0,0,1,0,"FALSE"
49104,81330,1,NA,0.142857142857143,NA,1,0,1,0,0,"FALSE"
5088,74669,1,NA,0.142857142857143,NA,1,0,1,0,0,"FALSE"
20057,53713,1,NA,0,NA,1,0,1,0,0,"FALSE"
14634,18800,0.2,NA,1,NA,1,0,0,0,0,"FALSE"
9014,94664,1,NA,0.125,NA,1,0,1,0,0,"FALSE"
34413,56771,1,NA,0.166666666666667,NA,1,0,1,0,0,"FALSE"
15626,57263,1,NA,0.545454545454545,NA,1,0,1,0,0,"FALSE"
50163,96377,1,NA,0,NA,1,0,1,0,0,"FALSE"
16009,34460,1,NA,0.125,NA,1,0,1,0,0,"FALSE"
82827,84839,0.125,NA,0.857142857142857,NA,1,0,0,0,0,"FALSE"
10320,66003,0.166666666666667,NA,1,NA,1,0,0,0,0,"FALSE"
44858,83271,1,NA,0,NA,1,1,0,0,0,"FALSE"
14175,65366,1,NA,0.3,NA,1,0,1,0,0,"FALSE"
16001,57383,1,NA,0,NA,1,0,1,0,0,"FALSE"
15064,80384,1,NA,0.0833333333333334,NA,1,1,0,0,0,"FALSE"
13349,56226,1,NA,0.222222222222222,NA,0,0,1,0,0,"FALSE"
43515,66247,0,NA,1,NA,1,0,0,0,0,"FALSE"
30199,88838,0.888888888888889,NA,0.25,NA,0,0,1,0,0,"FALSE"
13534,58146,1,NA,0,NA,1,0,1,0,0,"FALSE"
49266,74053,1,NA,0.125,NA,1,0,1,0,0,"FALSE"
5920,34811,0.125,NA,0.6,NA,1,0,0,0,0,"FALSE"
60577,74984,1,1,0,NA,1,0,0,1,0,"FALSE"
82408,92187,0.666666666666667,NA,1,NA,1,0,0,0,0,"FALSE"
72761,95422,1,NA,0.222222222222222,NA,1,0,1,0,0,"FALSE"
63448,66756,1,NA,0.333333333333333,NA,1,0,0,1,0,"FALSE"
5642,54633,1,NA,0,NA,1,1,0,0,0,"FALSE"
55167,63642,0.166666666666667,NA,1,NA,1,0,0,0,0,"FALSE"
3367,58242,1,NA,0.0909090909090909,NA,1,0,1,0,0,"FALSE"
34757,76914,1,NA,0.625,NA,1,1,0,0,0,"FALSE"
29421,79965,0.25,NA,0.833333333333333,NA,1,0,0,0,0,"FALSE"
13983,27320,1,NA,0.181818181818182,NA,1,0,0,1,0,"FALSE"
2983,94267,1,NA,0.0833333333333334,NA,1,1,0,0,0,"FALSE"
47506,49526,1,NA,0,NA,1,0,0,1,0,"FALSE"
27928,81380,1,NA,0.285714285714286,NA,1,0,1,0,0,"FALSE"
20176,94912,0.125,NA,1,NA,1,0,0,0,0,"FALSE"
13862,92377,0.4,NA,0.222222222222222,NA,1,0,0,1,0,"FALSE"
4515,64582,1,NA,0.166666666666667,NA,1,0,1,0,0,"FALSE"
21826,48842,1,NA,0.125,NA,1,0,1,0,0,"FALSE"
13500,89612,1,NA,0.142857142857143,NA,1,0,1,0,0,"FALSE"
527,8693,1,NA,0,NA,1,0,1,0,0,"FALSE"
25911,45570,1,NA,0,NA,1,0,1,0,0,"FALSE"
15646,76354,1,NA,0.166666666666667,NA,1,0,1,0,0,"FALSE"
3089,49697,0.4,NA,0.833333333333333,NA,1,0,0,0,0,"FALSE"
11894,15275,0,NA,1,NA,1,0,0,0,0,"FALSE"
29166,81991,1,NA,0.333333333333333,NA,1,1,0,0,0,"FALSE"
62735,70088,0.1,NA,1,NA,1,0,0,0,0,"FALSE"
34412,52045,0.888888888888889,NA,0,NA,0,0,1,0,NA,"FALSE"
60576,67193,1,NA,0.142857142857143,NA,1,0,1,0,0,"FALSE"
73498,97563,1,NA,0.333333333333333,NA,1,1,0,0,0,"FALSE"
62035,96169,1,NA,0,NA,1,1,0,0,0,"FALSE"
74588,87963,1,NA,0.333333333333333,NA,1,0,1,0,0,"FALSE"
60802,95012,0.833333333333333,NA,0.166666666666667,NA,1,1,1,0,0,"FALSE"
25291,72335,1,NA,0.181818181818182,NA,0,0,1,0,0,"FALSE"
14012,61110,1,NA,0.2,NA,1,0,0,1,0,"FALSE"
10000,88517,1,NA,0,NA,1,0,0,1,0,"FALSE"
1118,79554,1,NA,0.857142857142857,NA,1,0,0,0,0,"FALSE"
38016,77716,1,NA,0,NA,1,0,1,0,0,"FALSE"
37025,92054,0,NA,1,NA,1,0,0,0,0,"FALSE"
40533,89475,1,NA,0.285714285714286,NA,1,0,1,0,0,"FALSE"
68015,86244,1,NA,0.125,NA,1,0,1,0,0,"FALSE"
4398,34868,1,NA,0.333333333333333,NA,1,1,0,0,0,"FALSE"
1530,75079,1,NA,0.25,NA,1,0,1,0,0,"FALSE"
14639,65229,1,NA,0.0909090909090909,NA,1,0,0,1,0,"FALSE"
40619,79442,1,NA,0.2,NA,1,0,1,0,0,"FALSE"
55763,99050,1,NA,0.166666666666667,NA,1,1,0,0,0,"FALSE"
54921,70376,1,NA,0.181818181818182,NA,1,0,1,0,0,"FALSE"
3175,72401,0.285714285714286,0,0.5,NA,1,0,0,0,0,"FALSE"
58740,82974,1,NA,0.272727272727273,NA,1,0,1,0,0,"FALSE"
10016,13716,1,NA,0.0909090909090909,NA,1,0,1,0,0,"FALSE"
548,87973,1,NA,0,NA,1,0,0,1,0,"FALSE"
34263,67049,1,NA,0.111111111111111,NA,1,1,0,0,0,"FALSE"
7556,44345,1,NA,0.2,NA,1,0,1,0,0,"FALSE"
33521,68716,0.75,NA,1,NA,1,0,0,0,0,"FALSE"
42821,81708,1,NA,0.25,NA,1,0,1,0,0,"FALSE"
2603,57813,0,NA,0.4,NA,1,0,0,0,0,"FALSE"
44524,71270,1,NA,0.111111111111111,NA,1,1,0,0,0,"FALSE"
35190,51875,1,NA,0,NA,0,0,1,0,0,"FALSE"
70427,88140,1,NA,0,NA,1,0,0,1,0,"FALSE"
77308,83617,0.666666666666667,NA,0.166666666666667,NA,1,1,0,0,0,"FALSE"
77305,94990,1,NA,0,NA,1,0,1,0,0,"FALSE"
15592,23358,0.222222222222222,NA,1,NA,1,0,0,0,0,"FALSE"
29274,52303,1,NA,0.166666666666667,NA,1,0,1,0,0,"FALSE"
3739,8910,1,NA,0.2,NA,1,0,0,1,0,"FALSE"
13609,90446,1,NA,0.1,NA,1,0,1,0,0,"FALSE"
53256,74195,0.2,NA,0.857142857142857,NA,1,0,0,0,0,"FALSE"
45931,97320,0.333333333333333,NA,1,NA,1,0,0,0,0,"FALSE"
54567,71569,1,NA,0.166666666666667,NA,1,0,1,0,0,"FALSE"
69422,97182,1,NA,0.2,NA,1,0,1,0,0,"FALSE"
8062,28601,0.222222222222222,NA,0.333333333333333,NA,1,0,0,0,0,"FALSE"
48049,83160,0.125,NA,1,NA,1,0,0,0,0,"FALSE"
18311,31804,1,NA,0.125,NA,1,0,1,0,0,"FALSE"
30276,83840,1,NA,0.142857142857143,NA,1,1,0,0,0,"FALSE"
42556,99145,1,NA,0.285714285714286,NA,1,0,0,1,0,"FALSE"
6250,23949,0.2,NA,0.4,NA,1,0,1,0,0,"FALSE"
1456,63319,1,NA,1,NA,1,0,0,1,0,"FALSE"
41427,76630,0.4,NA,0,NA,1,0,1,0,0,"FALSE"
62287,65311,0.75,NA,0.111111111111111,NA,0,0,1,0,0,"FALSE"
26048,95110,1,NA,0,NA,1,1,0,0,0,"FALSE"
61540,91220,1,NA,0.222222222222222,NA,1,0,0,1,0,"FALSE"
11438,69978,1,NA,0.25,NA,1,0,0,1,0,"FALSE"
80794,89360,0.2,NA,1,NA,1,0,1,0,0,"FALSE"
75288,77906,1,NA,0.125,NA,1,0,1,0,0,"FALSE"
40247,79097,1,NA,0.285714285714286,NA,1,0,0,1,0,"FALSE"
53709,73562,0.4,NA,0.0833333333333334,NA,1,0,0,1,0,"FALSE"
40951,83387,0,NA,0.333333333333333,NA,1,0,0,0,0,"FALSE"
1120,87832,1,NA,0,NA,1,0,1,0,0,"FALSE"
2339,12545,0.2,NA,1,NA,1,0,0,0,0,"FALSE"
13407,66395,1,NA,0,NA,1,0,1,1,0,"FALSE"
10475,92044,1,NA,0,NA,1,0,1,0,0,"FALSE"
55404,97652,1,NA,0,NA,1,0,1,0,0,"FALSE"
16911,23969,1,NA,0,NA,1,0,1,1,0,"FALSE"
47664,89489,0,NA,0.142857142857143,NA,1,1,1,1,0,"FALSE"
13845,16819,1,NA,0,NA,1,0,0,1,0,"FALSE"
29029,32370,1,NA,0,NA,1,0,1,0,0,"FALSE"
4861,90547,0.333333333333333,NA,0.2,NA,1,0,0,0,0,"FALSE"
873,78188,1,NA,0.125,NA,1,0,0,1,0,"FALSE"
18064,66729,1,NA,0.375,NA,1,0,0,1,0,"FALSE"
38508,39332,1,NA,0.166666666666667,NA,1,0,1,0,0,"FALSE"
30525,93190,0,NA,0.2,NA,1,0,0,0,0,"FALSE"
64347,78070,1,NA,0,NA,1,0,1,0,0,"FALSE"
32942,43297,1,NA,0.222222222222222,NA,1,1,0,0,0,"FALSE"
70071,94657,1,NA,0.1,NA,1,0,1,0,0,"FALSE"
41196,55717,1,NA,0,NA,1,0,1,0,0,"FALSE"
18746,30045,1,NA,0.222222222222222,NA,1,1,1,0,0,"FALSE"
34781,60421,0.75,NA,0.5,NA,1,1,0,0,0,"FALSE"
25764,27353,0.142857142857143,NA,0.888888888888889,NA,1,0,0,0,0,"FALSE"
12259,25990,0.5,NA,1,NA,1,0,0,0,0,"FALSE"
27662,96929,1,NA,0,NA,1,0,1,1,0,"FALSE"
69179,99359,1,NA,0,NA,1,0,1,0,0,"FALSE"
46111,93401,0.142857142857143,NA,1,NA,1,0,0,0,0,"FALSE"
7342,50633,1,NA,0,NA,1,0,0,1,0,"FALSE"
29404,68580,1,NA,0.25,NA,1,1,0,0,0,"FALSE"
33143,51873,0,NA,0,NA,0,1,1,1,0,"FALSE"
20294,52901,1,NA,0,NA,1,1,0,0,0,"FALSE"
7079,42043,1,NA,0.125,NA,1,0,1,0,0,"FALSE"
9263,24606,1,NA,0.5,NA,1,0,1,0,0,"FALSE"
48475,66048,1,NA,0.0769230769230769,NA,1,1,0,0,0,"FALSE"
16541,17402,0.25,NA,0.5,NA,1,0,0,0,0,"FALSE"
38894,83367,0.142857142857143,NA,1,NA,1,0,0,0,0,"FALSE"
65055,67338,1,NA,0.222222222222222,NA,1,0,0,1,0,"FALSE"
40572,73860,0.333333333333333,NA,0.166666666666667,NA,1,1,1,1,0,"FALSE"
57273,92583,1,NA,0.125,NA,1,1,0,0,0,"FALSE"
14749,66566,1,NA,0.125,NA,1,0,1,0,0,"FALSE"
31460,60919,1,NA,0.333333333333333,NA,1,0,1,0,0,"FALSE"
74836,83197,1,NA,0.125,NA,1,0,1,0,0,"FALSE"
38865,74596,0.125,NA,1,NA,1,0,0,0,0,"FALSE"
9564,84845,1,NA,0.181818181818182,NA,1,0,0,1,0,"FALSE"
15472,73549,0.4,NA,0.166666666666667,NA,1,0,1,0,0,"FALSE"
23,36495,1,NA,0.2,NA,1,0,0,1,0,"FALSE"
39085,76498,0.142857142857143,NA,0.857142857142857,NA,1,1,0,0,0,"FALSE"
33946,69075,0.4,NA,0.125,NA,1,1,0,0,0,"FALSE"
79236,84667,1,NA,0.166666666666667,NA,1,1,0,0,0,"FALSE"
6918,29660,0.888888888888889,NA,0,NA,1,0,1,0,0,"FALSE"
50370,95751,1,NA,0.285714285714286,NA,1,0,1,0,0,"FALSE"
54598,86567,0.2,NA,0.75,NA,1,0,0,0,0,"FALSE"
2320,13948,1,NA,0.125,NA,1,1,0,0,0,"FALSE"
17630,71190,1,NA,0,NA,1,1,0,0,0,"FALSE"
1472,54271,0.25,NA,0.857142857142857,NA,1,0,0,0,0,"FALSE"
30954,39722,0.375,NA,0.555555555555556,NA,1,0,0,0,0,"FALSE"
80295,91242,0,NA,0.625,NA,1,1,0,0,0,"FALSE"
54126,67027,0,NA,0.8,NA,1,0,0,0,0,"FALSE"
10717,29128,0.166666666666667,NA,1,NA,1,0,0,0,0,"FALSE"
32625,92934,1,NA,0.125,NA,1,0,1,0,0,"FALSE"
15100,52618,1,NA,0,NA,1,0,0,1,0,"FALSE"
17730,78483,1,NA,0,NA,1,0,1,0,0,"FALSE"
60507,66862,1,NA,0.125,NA,1,0,1,0,0,"FALSE"
75856,99493,1,NA,0.166666666666667,NA,1,0,0,1,0,"FALSE"
56964,81509,1,NA,0,NA,1,0,1,0,0,"FALSE"
18195,29981,1,NA,0.142857142857143,NA,1,0,1,0,0,"FALSE"
94997,97865,0.142857142857143,NA,1,NA,1,1,0,0,0,"FALSE"
14501,89103,0.125,NA,0.375,NA,1,1,0,0,0,"FALSE"
20812,21024,1,NA,0.2,NA,1,0,1,0,0,"FALSE"
17809,91961,0.6,NA,0.166666666666667,NA,1,0,1,0,0,"FALSE"
5526,41988,0,NA,0.75,NA,1,0,0,0,0,"FALSE"
13557,66648,1,NA,0.272727272727273,NA,0,1,0,0,0,"FALSE"
59594,74558,1,NA,0.571428571428571,NA,1,0,0,1,0,"FALSE"
21864,48118,1,NA,0.333333333333333,NA,1,0,1,0,0,"FALSE"
30001,44177,1,NA,0.222222222222222,NA,1,0,1,0,0,"FALSE"
3816,87711,1,NA,0.285714285714286,NA,1,0,1,0,0,"FALSE"
71136,95510,1,NA,0,NA,1,1,0,0,0,"FALSE"
40731,65141,1,NA,0.125,NA,1,1,0,0,0,"FALSE"
3087,11130,1,NA,0.142857142857143,NA,1,1,0,0,0,"FALSE"
6458,31147,1,NA,0.166666666666667,NA,1,1,0,0,0,"FALSE"
23887,90976,0.75,NA,0.2,NA,1,0,1,0,0,"FALSE"
53608,80612,1,NA,0.166666666666667,NA,1,0,0,1,0,"FALSE"
1382,49907,0,NA,0.6,NA,1,0,1,0,0,"FALSE"
7971,70201,0.375,NA,0.666666666666667,NA,1,0,0,0,0,"FALSE"
39516,52911,1,NA,0,NA,1,0,1,0,0,"FALSE"
42480,68744,1,NA,0.2,NA,1,0,1,0,0,"FALSE"
8729,18357,1,NA,0,NA,1,0,0,1,0,"FALSE"
14093,17375,0.4,NA,0,NA,1,0,1,0,0,"FALSE"
73601,92796,0.142857142857143,NA,0.8,NA,1,0,0,0,0,"FALSE"
46368,72818,1,NA,0,NA,1,0,0,1,0,"FALSE"
13946,49042,1,NA,0.111111111111111,NA,1,0,1,0,0,"FALSE"
90615,94402,0.6,NA,0.111111111111111,NA,1,0,1,0,0,"FALSE"
29935,42870,0.4,NA,0.25,NA,1,1,0,0,0,"FALSE"
45431,51874,1,1,0.1,NA,0,0,0,1,0,"FALSE"
39017,45116,1,NA,0,NA,1,1,0,0,0,"FALSE"
6288,15014,0,NA,0.6,NA,1,0,0,0,0,"FALSE"
55810,68994,1,NA,0.222222222222222,NA,1,0,0,1,0,"FALSE"
28596,34034,1,NA,0.222222222222222,NA,1,0,0,1,0,"FALSE"
63074,94395,1,NA,0.428571428571429,NA,1,0,0,1,0,"FALSE"
34379,76571,0,NA,1,NA,1,0,0,0,0,"FALSE"
28690,31531,1,NA,0.2,NA,1,0,1,1,0,"FALSE"
32958,77701,1,NA,0.8,NA,1,0,0,0,0,"FALSE"
44490,72731,0.166666666666667,NA,0.857142857142857,NA,1,0,0,0,0,"FALSE"
40913,47166,1,NA,0.272727272727273,NA,1,0,1,0,0,"FALSE"
14606,15332,0.222222222222222,NA,1,NA,1,0,1,0,0,"FALSE"
48900,79631,1,NA,0.2,NA,1,1,0,0,0,"FALSE"
54119,90984,1,NA,0,NA,1,0,1,0,0,"FALSE"
13050,61161,1,NA,0.25,NA,1,0,1,0,0,"FALSE"
51903,77606,1,NA,0.142857142857143,NA,0,0,1,0,NA,"FALSE"
2893,47333,1,NA,0.285714285714286,NA,1,0,0,1,0,"FALSE"
69269,77786,1,NA,0.25,NA,1,0,0,1,0,"FALSE"
26934,66818,1,NA,0.142857142857143,NA,1,1,0,0,0,"FALSE"
88055,88226,0.125,NA,1,NA,1,0,0,0,0,"FALSE"
13722,33743,1,NA,0.0909090909090909,NA,1,0,1,0,0,"FALSE"
4444,39338,1,NA,0.0909090909090909,NA,1,0,1,0,0,"FALSE"
39715,76457,0,NA,0.857142857142857,NA,1,0,0,0,0,"FALSE"
64821,76183,1,NA,0.142857142857143,NA,1,0,1,0,0,"FALSE"
17952,89061,1,NA,0.111111111111111,NA,1,0,0,1,0,"FALSE"
36271,47307,0.25,NA,1,NA,1,0,0,0,0,"FALSE"
26186,30345,0.25,NA,1,NA,1,0,0,0,0,"FALSE"
68365,84825,1,NA,0.2,NA,1,0,1,0,0,"FALSE"
5204,89451,1,NA,0.363636363636364,NA,1,0,1,0,0,"FALSE"
40601,45892,0,NA,0.333333333333333,NA,1,0,0,0,0,"FALSE"
57995,75625,0.2,NA,0.8,NA,1,0,0,0,0,"FALSE"
65569,83158,0,NA,0,NA,1,1,1,1,0,"FALSE"
45430,53174,1,NA,0.2,NA,1,0,1,0,0,"FALSE"
55842,63094,1,NA,0.25,NA,1,1,0,0,0,"FALSE"
19277,27232,1,NA,0,NA,NA,NA,NA,NA,NA,NA
