"Class","timestamp","day_of_week","is_weekend","is_holiday","apparent_temperature","temperature","is_start_of_semester"
"0",3010,5,1,0,63,63,0
"0",3311,5,1,0,63,63,0
"0",26707,5,1,0,61.45,61.45,0
"0",27609,5,1,0,61.45,61.45,0
"0",28511,5,1,0,61.45,61.45,0
"0",35411,5,1,0,62.96,62.96,0
"0",35712,5,1,0,62.96,62.96,0
"0",44412,5,1,0,62.95,62.95,0
"0",52508,5,1,0,63.68,63.68,0
"0",54906,5,1,0,63.23,63.23,0
"0",63610,5,1,0,64.69,64.69,0
"0",63911,5,1,0,64.69,64.69,0
"0",66308,5,1,0,65.23,65.23,0
"0",66610,5,1,0,65.23,65.23,0
"0",69607,5,1,0,64.76,64.76,0
"0",75014,5,1,0,64.49,64.49,0
"0",77108,5,1,0,63.53,63.53,0
"0",81611,5,1,0,63.24,63.24,0
"0",2407,6,1,0,63.24,63.24,0
"0",33606,6,1,0,61.8,61.8,0
"0",37807,6,1,0,63.58,63.58,0
"1",41406,6,1,0,66.29,66.29,0
"1",42608,6,1,0,66.29,66.29,0
"1",62406,6,1,0,66.21,66.21,0
"1",64809,6,1,0,64.49,64.49,0
"1",75610,6,1,0,62.27,62.27,0
"0",32412,0,0,0,62.72,62.72,0
"0",36013,0,0,0,64.44,64.44,0
"1",82813,0,0,0,61.72,61.72,0
"0",24029,1,0,0,61.24,61.24,0
"0",24652,1,0,0,61.24,61.24,0
"0",71772,1,0,0,66.25,66.25,0
"0",11,2,0,0,61,61,0
"0",25210,2,0,0,62.97,62.97,0
"0",26408,2,0,0,62.97,62.97,0
"0",28210,2,0,0,62.97,62.97,0
"0",33607,2,0,0,64.01,64.01,0
"0",37808,2,0,0,65.57,65.57,0
"1",61211,2,0,0,71.19,71.19,0
"1",64811,2,0,0,69.66,69.66,0
"1",66607,2,0,0,69.66,69.66,0
"0",78010,2,0,0,66.73,66.73,0
"0",84013,2,0,0,66.24,66.24,0
"0",27010,3,0,0,62.22,62.22,0
"0",37208,3,0,0,64.22,64.22,0
"1",62408,3,0,0,69.01,69.01,0
"1",66608,3,0,0,68.53,68.53,0
"0",2409,4,0,0,64.49,64.49,0
"0",24610,4,0,0,63.73,63.73,0
"0",56409,4,0,0,70.69,70.69,0
"0",73875,4,0,0,68.8,68.8,0
"0",82812,4,0,0,67,67,0
"0",84608,4,0,0,67,67,0
"0",27614,5,1,0,66.8,66.8,0
"0",31817,5,1,0,67.8,67.8,0
"0",63012,5,1,0,77.32,77.32,0
"0",66612,5,1,0,75.62,75.62,0
"0",73812,5,1,0,71.49,71.49,0
"0",33611,6,1,0,72.14,72.14,0
"0",34212,6,1,0,72.14,72.14,0
"0",40811,6,1,0,77.42,77.42,0
"0",49212,6,1,0,79.2,79.2,0
"0",58811,6,1,0,79.85,79.85,0
"0",63612,6,1,0,78.79,78.79,0
"0",75612,6,1,0,70.65,70.65,0
"0",23409,0,0,0,63.42,63.42,0
"0",35412,0,0,0,66.71,66.71,0
"0",38411,0,0,0,67.83,67.83,0
"0",39012,0,0,0,67.83,67.83,0
"0",49812,0,0,0,70.75,70.75,0
"1",66009,0,0,0,64.26,64.26,0
"1",68412,0,0,0,63.04,63.04,0
"1",75011,0,0,0,62,62,0
"0",31211,1,0,0,62.01,62.01,0
"0",33609,1,0,0,63.47,63.47,0
"0",42611,1,0,0,66.18,66.18,0
"0",48010,1,0,0,67.41,67.41,0
"0",56411,1,0,0,67.21,67.21,0
"1",68412,1,0,0,64,64,0
"1",75011,1,0,0,63.73,63.73,0
"0",84610,1,0,0,63,63,0
"0",3612,2,0,0,62.73,62.73,0
"0",33610,2,0,0,63,63,0
"0",51609,2,0,0,66.15,66.15,0
"1",60611,2,0,0,66.66,66.66,0
"0",73810,2,0,0,64.73,64.73,0
"0",85811,2,0,0,64.49,64.49,0
"0",11,3,0,0,64.28,64.28,0
"0",30009,3,0,0,61.2,61.2,0
"0",34210,3,0,0,61.73,61.73,0
"0",49211,3,0,0,62.93,62.93,0
"0",58809,3,0,0,64.18,64.18,0
"1",63609,3,0,0,63.73,63.73,0
"1",64210,3,0,0,63.73,63.73,0
"0",82811,3,0,0,61,61,0
"0",85210,3,0,0,61,61,0
"0",1209,4,0,0,61.24,61.24,0
"0",20419,4,0,0,61,61,0
"0",40810,4,0,0,62.23,62.23,0
"0",48009,4,0,0,62.44,62.44,0
"1",60611,4,0,0,63.47,63.47,0
"1",63610,4,0,0,62.72,62.72,0
"1",68411,4,0,0,62,62,0
"0",71412,4,0,0,62,62,0
"0",75038,4,0,0,61.76,61.76,0
"0",76812,4,0,0,62,62,0
"0",78013,4,0,0,62,62,0
"0",40809,5,1,0,65.77,65.77,0
"0",42010,5,1,0,65.77,65.77,0
"0",64811,5,1,0,63,63,0
"0",69609,5,1,0,62.24,62.24,0
"0",73209,5,1,0,62.24,62.24,0
"0",85812,5,1,0,62.53,62.53,0
"1",34209,6,1,0,64,64,0
"0",81013,6,1,0,63.24,63.24,0
"0",84011,6,1,0,63.24,63.24,0
"0",21014,0,0,0,61.73,61.73,0
"0",28814,0,0,0,62.73,62.73,0
"1",31813,0,0,0,62.73,62.73,0
"1",73211,0,0,0,64.73,64.73,0
"1",76812,0,0,0,63.97,63.97,0
"1",79215,0,0,0,62.73,62.73,0
"1",82217,0,0,0,62.73,62.73,0
"1",36077,1,0,0,61.97,61.97,0
"1",46219,1,0,0,65.22,65.22,0
"1",48012,1,0,0,66.4,66.4,0
"1",52813,1,0,0,66.95,66.95,0
"0",62054,1,0,0,65.69,65.69,0
"0",62146,1,0,0,65.69,65.69,0
"0",62207,1,0,0,65.69,65.69,0
"0",62359,1,0,0,65.69,65.69,0
"0",62481,1,0,0,65.69,65.69,0
"0",62573,1,0,0,65.69,65.69,0
"0",63064,1,0,0,65.69,65.69,0
"0",64324,1,0,0,65.69,65.69,0
"0",64477,1,0,0,65.69,65.69,0
"0",64966,1,0,0,64.97,64.97,0
"1",79226,1,0,0,61,61,0
"1",82815,1,0,0,60,60,0
"0",21014,2,0,0,60.24,60.24,1
"0",23412,2,0,0,61.24,61.24,1
"1",36016,2,0,0,63.77,63.77,1
"1",44412,2,0,0,66.96,66.96,1
"1",54025,2,0,0,70.23,70.23,1
"1",55813,2,0,0,70.23,70.23,1
"1",84612,2,0,0,65.14,65.14,1
"1",34812,3,0,0,66.57,66.57,1
"1",38412,3,0,0,70.15,70.15,1
"1",64214,3,0,0,76.3,76.3,1
"1",70814,3,0,0,76.28,76.28,1
"0",3614,4,0,0,69.28,69.28,1
"1",31812,4,0,0,69.77,69.77,1
"1",38414,4,0,0,65.8,65.8,1
"1",52213,4,0,0,65.8,65.8,1
"1",52813,4,0,0,65.8,65.8,1
"1",64869,4,0,0,65.8,65.8,1
"1",78613,4,0,0,65.8,65.8,1
"0",22812,5,1,0,65.8,65.8,1
"0",30611,5,1,0,65.8,65.8,1
"0",31812,5,1,0,65.8,65.8,1
"0",35413,5,1,0,65.8,65.8,1
"1",45613,5,1,0,65.8,65.8,1
"1",49213,5,1,0,65.8,65.8,1
"1",58811,5,1,0,65.8,65.8,1
"1",67815,5,1,0,65.8,65.8,1
"0",85213,5,1,0,65.8,65.8,1
"0",13,6,1,0,65.8,65.8,1
"0",19812,6,1,0,65.8,65.8,1
"1",63613,6,1,0,65.8,65.8,1
"1",67214,6,1,0,65.8,65.8,1
"1",72015,6,1,0,65.8,65.8,1
"0",78013,6,1,0,65.8,65.8,1
"0",85816,6,1,0,65.8,65.8,1
"0",20412,0,0,0,63.46,63.46,1
"0",30020,0,0,0,64.76,64.76,1
"1",36013,0,0,0,67.38,67.38,1
"1",57013,0,0,0,70.52,70.52,1
"1",78013,0,0,0,63.51,63.51,1
"0",1212,1,0,0,63.24,63.24,1
"0",28214,1,0,0,64,64,1
"1",54020,1,0,0,68.53,68.53,1
"1",64828,1,0,0,65,65,1
"1",80414,1,0,0,63.73,63.73,1
"1",85213,1,0,0,63.45,63.45,1
"0",3013,2,0,0,63,63,1
"0",23412,2,0,0,63,63,1
"1",27012,2,0,0,63,63,1
"1",44412,2,0,0,65.17,65.17,1
"1",48013,2,0,0,66.69,66.69,1
"1",52213,2,0,0,66.97,66.97,1
"1",52813,2,0,0,66.97,66.97,1
"1",54015,2,0,0,66.14,66.14,1
"1",68437,2,0,0,64.24,64.24,1
"1",43216,3,0,0,65.01,65.01,1
"1",48613,3,0,0,65.04,65.04,1
"1",63013,3,0,0,64.54,64.54,1
"1",66012,3,0,0,64.27,64.27,1
"1",78272,3,0,0,62.49,62.49,1
"0",19814,4,0,0,59.73,59.73,1
"0",27012,4,0,0,59.73,59.73,1
"1",34212,4,0,0,61.8,61.8,1
"1",39015,4,0,0,63.35,63.35,1
"1",43215,4,0,0,66.2,66.2,1
"1",46815,4,0,0,67.93,67.93,1
"1",59413,4,0,0,68.05,68.05,1
"1",31212,5,1,0,62.59,62.59,1
"1",37212,5,1,0,64.73,64.73,1
"1",48012,5,1,0,72.65,72.65,1
"1",54014,5,1,0,72.15,72.15,1
"1",62412,5,1,0,72.01,72.01,1
"1",73213,5,1,0,70.5,70.5,1
"1",75617,5,1,0,69.97,69.97,1
"0",85212,5,1,0,67.77,67.77,1
"0",2412,6,1,0,65.83,65.83,1
"0",3614,6,1,0,64.59,64.59,1
"0",24012,6,1,0,62.58,62.58,1
"0",26411,6,1,0,64.03,64.03,1
"1",30611,6,1,0,66.56,66.56,1
"1",31212,6,1,0,66.56,66.56,1
"1",52211,6,1,0,74.92,74.92,1
"1",73211,6,1,0,65.65,65.65,1
"1",80411,6,1,0,64.99,64.99,1
"1",84012,6,1,0,65.04,65.04,1
"1",48612,0,0,0,81.6,81.6,1
"1",54014,0,0,0,84.01,84.01,1
"1",64214,0,0,0,79.35,79.35,1
"1",84612,0,0,0,70.27,70.27,1
"1",44412,1,0,0,81.14,81.14,1
"1",48012,1,0,0,86.24,86.24,1
"1",48612,1,0,0,86.24,86.24,1
"1",68431,1,0,0,77.54,77.54,1
"1",84612,1,0,0,72.73,72.73,1
"1",59413,2,0,0,79.43,79.43,0
"1",62412,2,0,0,77.38,77.38,0
"1",66012,2,0,0,73.72,73.72,0
"1",67213,2,0,0,73.72,73.72,0
"1",75614,2,0,0,66.46,66.46,0
"1",85812,2,0,0,64.77,64.77,0
"1",1212,3,0,0,64.04,64.04,0
"0",27012,3,0,0,63.91,63.91,0
"1",30013,3,0,0,65.84,65.84,0
"1",34212,3,0,0,68.41,68.41,0
"1",42615,3,0,0,74.31,74.31,0
"1",46814,3,0,0,73.48,73.48,0
"1",57014,3,0,0,73.07,73.07,0
"1",60614,3,0,0,75.92,75.92,0
"1",78613,3,0,0,63.57,63.57,0
"1",82815,3,0,0,62.5,62.5,0
"0",22811,4,0,0,61.18,61.18,0
"1",35413,4,0,0,63.54,63.54,0
"1",57016,4,0,0,70.23,70.23,0
"1",66621,4,0,0,67.51,67.51,0
"1",67823,4,0,0,67.51,67.51,0
"1",78614,4,0,0,60.49,60.49,0
"1",80413,4,0,0,59.73,59.73,0
"0",2413,5,1,0,59.45,59.45,0
"0",22812,5,1,0,58.53,58.53,0
"1",34213,5,1,0,60.53,60.53,0
"1",35414,5,1,0,60.53,60.53,0
"1",42613,5,1,0,60.42,60.42,0
"1",43214,5,1,0,59.96,59.96,0
"1",70814,5,1,0,66.24,66.24,0
"1",77415,5,1,0,63.73,63.73,0
"1",80411,5,1,0,63.28,63.28,0
"1",39613,6,1,0,65.13,65.13,0
"1",45613,6,1,0,66.17,66.17,0
"1",50414,6,1,0,66.45,66.45,0
"0",21613,0,0,0,62.24,62.24,0
"0",28216,0,0,0,62.93,62.93,0
"1",31814,0,0,0,63.45,63.45,0
"1",37212,0,0,0,65.28,65.28,0
"1",38414,0,0,0,65.28,65.28,0
"1",41413,0,0,0,66.03,66.03,0
"1",45612,0,0,0,65.76,65.76,0
"1",63012,0,0,0,63.24,63.24,0
"1",63613,0,0,0,63.24,63.24,0
"1",84613,0,0,0,61.49,61.49,0
"1",15,1,0,0,59.97,59.97,0
"1",31215,1,0,0,59.51,59.51,0
"1",49212,1,0,0,64.42,64.42,0
"1",57015,1,0,0,63.98,63.98,0
"1",60013,1,0,0,63.19,63.19,0
"1",70814,1,0,0,62.01,62.01,0
"1",79216,1,0,0,60.77,60.77,0
"1",80412,1,0,0,60.77,60.77,0
"0",19211,2,0,0,61.24,61.24,0
"0",22812,2,0,0,61.2,61.2,0
"0",28213,2,0,0,61.2,61.2,0
"1",34813,2,0,0,63.32,63.32,0
"1",55212,2,0,0,67,67,0
"1",55812,2,0,0,67,67,0
"1",72014,2,0,0,64.77,64.77,0
"1",84012,2,0,0,63.28,63.28,0
"0",19212,3,0,0,61.49,61.49,0
"0",21615,3,0,0,61,61,0
"1",45014,3,0,0,65.33,65.33,0
"1",55213,3,0,0,65.49,65.49,0
"1",80411,3,0,0,63.8,63.8,0
"1",81013,3,0,0,63.8,63.8,0
"1",81614,3,0,0,63.8,63.8,0
"1",84012,3,0,0,63.24,63.24,0
"1",41412,4,0,0,68.03,68.03,0
"0",49813,4,0,0,70.08,70.08,0
"1",52816,4,0,0,69.69,69.69,0
"1",49214,5,1,0,78.62,78.62,0
"1",57019,5,1,0,79.04,79.04,0
"0",85815,5,1,0,68.18,68.18,0
"0",33611,6,1,0,70.16,70.16,0
"0",52813,6,1,0,85.21,85.21,0
"0",57012,6,1,0,83.94,83.94,0
"1",64213,6,1,0,80.62,80.62,0
"1",66011,6,1,0,78.97,78.97,0
"1",66611,6,1,0,78.97,78.97,0
"0",3013,0,0,0,70.43,70.43,0
"1",37211,0,0,0,75.11,75.11,0
"1",44411,0,0,0,77.34,77.34,0
"1",57640,0,0,0,73.83,73.83,0
"1",70212,0,0,0,67.12,67.12,0
"0",19211,1,0,0,60,60,0
"0",24013,1,0,0,59.73,59.73,0
"1",48013,1,0,0,60.47,60.47,0
"0",55813,1,0,0,61,61,0
"1",63012,1,0,0,60,60,0
"1",66012,1,0,0,59.72,59.72,0
"1",69612,1,0,0,59.45,59.45,0
"1",73817,1,0,0,59.45,59.45,0
"1",74418,1,0,0,59.45,59.45,0
"1",80411,1,0,0,59.73,59.73,0
"1",85814,1,0,0,59.53,59.53,0
"0",26412,2,0,0,58.24,58.24,0
"1",62412,2,0,0,68.87,68.87,0
"1",63614,2,0,0,68.87,68.87,0
"1",70212,2,0,0,67.16,67.16,0
"1",74416,2,0,0,65.82,65.82,0
"1",78015,2,0,0,65.03,65.03,0
"0",24013,3,0,0,64.04,64.04,0
"1",38413,3,0,0,69.07,69.07,0
"1",57616,3,0,0,76.35,76.35,0
"1",58818,3,0,0,76.35,76.35,0
"1",67814,3,0,0,74.12,74.12,0
"1",70212,3,0,0,69.84,69.84,0
"1",85814,3,0,0,65.11,65.11,0
"0",19812,4,0,0,62.49,62.49,0
"1",43215,4,0,0,68.07,68.07,0
"1",46815,4,0,0,68.01,68.01,0
"1",64814,4,0,0,69.08,69.08,0
"1",78615,4,0,0,64.89,64.89,0
"1",82811,4,0,0,63.07,63.07,0
"0",84612,4,0,0,63.07,63.07,0
"0",1211,5,1,0,62.82,62.82,0
"0",22811,5,1,0,59.8,59.8,0
"0",24013,5,1,0,59.8,59.8,0
"0",24613,5,1,0,59.8,59.8,0
"0",28215,5,1,0,59.51,59.51,0
"0",28816,5,1,0,60.8,60.8,0
"1",40805,5,1,0,63.04,63.04,0
"1",42608,5,1,0,63.04,63.04,0
"1",60013,5,1,0,67.08,67.08,0
"0",15,6,1,0,61,61,0
"0",1812,6,1,0,61,61,0
"0",2413,6,1,0,61,61,0
"0",21613,6,1,0,60,60,0
"0",23412,6,1,0,60,60,0
"1",33612,6,1,0,61.77,61.77,0
"0",37813,6,1,0,63.5,63.5,0
"1",41412,6,1,0,64.55,64.55,0
"1",51611,6,1,0,66.99,66.99,0
"1",52813,6,1,0,66.99,66.99,0
"1",64815,6,1,0,64.28,64.28,0
"0",85813,6,1,0,58.73,58.73,0
"1",42616,0,0,0,61.49,61.49,0
"1",53011,0,0,0,61.26,61.26,0
"1",63614,0,0,0,60.93,60.93,0
"1",73812,0,0,0,60.56,60.56,0
"1",78616,0,0,0,60.44,60.44,0
"1",81014,0,0,0,60.33,60.33,0
"1",82216,0,0,0,60.33,60.33,0
"1",84612,0,0,0,60.3,60.3,0
"0",27013,1,0,0,60,60,0
"1",62413,1,0,0,62.73,62.73,0
"1",66613,1,0,0,61.97,61.97,0
"1",67214,1,0,0,61.97,61.97,0
"1",69612,1,0,0,61.77,61.77,0
"1",70212,1,0,0,61.77,61.77,0
"1",85213,1,0,0,60.49,60.49,0
"0",23413,2,0,0,60.24,60.24,0
"0",28215,2,0,0,60.24,60.24,0
"1",41413,2,0,0,61.26,61.26,0
"1",45613,2,0,0,61.53,61.53,0
"1",84612,2,0,0,63.8,63.8,0
"0",2412,3,0,0,63.53,63.53,0
"0",28816,3,0,0,64.02,64.02,0
"1",34813,3,0,0,65,65,0
"1",39014,3,0,0,65.82,65.82,0
"1",45614,3,0,0,66.27,66.27,0
"1",76812,3,0,0,63.81,63.81,0
"1",85813,3,0,0,62.76,62.76,0
"0",3015,4,0,0,62.49,62.49,0
"1",45614,4,0,0,67.52,67.52,0
"1",76813,4,0,0,63.24,63.24,0
"0",2414,5,1,0,62,62,0
"0",23539,5,1,0,59.73,59.73,0
"0",32416,5,1,0,61.76,61.76,0
"1",46214,5,1,0,63.55,63.55,0
"1",49813,5,1,0,64.26,64.26,0
"1",64816,5,1,0,59.22,59.22,0
"1",69612,5,1,0,59.52,59.52,0
"0",19212,6,1,0,57.97,57.97,0
"0",21013,6,1,0,57.97,57.97,0
"1",44411,6,1,0,66.51,66.51,0
"1",46214,6,1,0,66.51,66.51,0
"1",46814,6,1,0,67.22,67.22,0
"1",61217,6,1,0,66.73,66.73,0
"1",63014,6,1,0,66.73,66.73,0
"1",67814,6,1,0,65.7,65.7,0
"1",70814,6,1,0,64.77,64.77,0
"1",74414,6,1,0,64.5,64.5,0
"1",77412,6,1,0,64.22,64.22,0
"1",85814,6,1,0,63.76,63.76,0
"0",20413,0,0,0,62.24,62.24,0
"0",22812,0,0,0,62.04,62.04,0
"1",31814,0,0,0,64.2,64.2,0
"0",34815,0,0,0,65.2,65.2,0
"1",45613,0,0,0,68.15,68.15,0
"1",75614,0,0,0,65,65,0
"1",77413,0,0,0,65,65,0
"0",22812,1,0,0,63.73,63.73,0
"0",24013,1,0,0,63.73,63.73,0
"1",31214,1,0,0,65.38,65.38,0
"1",49817,1,0,0,67.84,67.84,0
"1",52815,1,0,0,67.7,67.7,0
"1",55814,1,0,0,66.93,66.93,0
"1",57618,1,0,0,66.96,66.96,0
"1",63614,1,0,0,66.01,66.01,0
"1",80413,1,0,0,63.24,63.24,0
"1",84615,1,0,0,62.53,62.53,0
"1",85216,1,0,0,62.53,62.53,0
"0",19214,2,0,0,61.04,61.04,0
"0",26412,2,0,0,60.73,60.73,0
"1",34218,2,0,0,62.76,62.76,0
"1",63614,2,0,0,66.78,66.78,0
"1",70213,2,0,0,64.04,64.04,0
"1",84627,2,0,0,62,62,0
"0",19813,3,0,0,62.27,62.27,0
"0",21014,3,0,0,62.27,62.27,0
"1",28814,3,0,0,64.41,64.41,0
"1",33614,3,0,0,65.26,65.26,0
"1",34816,3,0,0,65.26,65.26,0
"1",44412,3,0,0,72.07,72.07,0
"1",48013,3,0,0,72.78,72.78,0
"1",56414,3,0,0,71.54,71.54,0
"1",75615,3,0,0,64.91,64.91,0
"1",82815,3,0,0,64,64,0
"0",19813,4,0,0,60.28,60.28,0
"0",28215,4,0,0,61.68,61.68,0
"1",54020,4,0,0,72.83,72.83,0
"1",62416,4,0,0,71.29,71.29,0
"1",67819,4,0,0,69.78,69.78,0
"1",72018,4,0,0,66.31,66.31,0
"0",20413,5,1,0,61.73,61.73,0
"0",24014,5,1,0,61.73,61.73,0
"0",25215,5,1,0,61.24,61.24,0
"1",35414,5,1,0,61.8,61.8,0
"1",39018,5,1,0,64.5,64.5,0
"1",49814,5,1,0,66.85,66.85,0
"1",64817,5,1,0,67.25,67.25,0
"0",24061,6,1,0,62.28,62.28,0
"0",28816,6,1,0,64.2,64.2,0
"1",58812,6,1,0,65.32,65.32,0
"1",60615,6,1,0,65.32,65.32,0
"1",66013,6,1,0,64.55,64.55,0
"1",69614,6,1,0,63.8,63.8,0
"1",73813,6,1,0,63.01,63.01,0
"1",78615,6,1,0,62.8,62.8,0
"1",80419,6,1,0,62.24,62.24,0
"1",82822,6,1,0,62.36,62.36,0
"0",3018,0,0,0,62,62,0
"0",20425,0,0,0,60.73,60.73,0
"0",21627,0,0,0,60.46,60.46,0
"1",44415,0,0,0,70.57,70.57,0
"1",45016,0,0,0,70.57,70.57,0
"1",54017,0,0,0,78.62,78.62,0
"1",67833,0,0,0,72.22,72.22,0
"1",84620,0,0,0,67.66,67.66,0
"0",24014,1,0,0,65.27,65.27,0
"0",24615,1,0,0,65.27,65.27,0
"1",30616,1,0,0,68.47,68.47,0
"0",31218,1,0,0,68.47,68.47,0
"1",37813,1,0,0,70.86,70.86,0
"1",50425,1,0,0,79.99,79.99,0
"1",60020,1,0,0,76.27,76.27,0
"1",61225,1,0,0,72.77,72.77,0
"1",75015,1,0,0,69.29,69.29,0
"0",21615,2,0,0,66.02,66.02,0
"0",25215,2,0,0,66,66,0
"0",28215,2,0,0,66,66,0
"1",54056,2,0,0,72.5,72.5,0
"1",78615,2,0,0,63.64,63.64,0
"1",82257,2,0,0,64,64,0
"1",84013,2,0,0,63.64,63.64,0
"0",3616,3,0,0,63.73,63.73,0
"0",21020,3,0,0,63.64,63.64,0
"0",25215,3,0,0,63.64,63.64,0
"0",28817,3,0,0,63.37,63.37,0
"1",31817,3,0,0,63.37,63.37,0
"1",42615,3,0,0,65.75,65.75,0
"1",52213,3,0,0,66.66,66.66,0
"1",59413,3,0,0,65,65,0
"1",60615,3,0,0,65,65,0
"1",78615,3,0,0,63.37,63.37,0
"1",15,4,0,0,62.24,62.24,0
"1",3014,4,0,0,62.24,62.24,0
"0",27613,4,0,0,61.24,61.24,0
"1",31832,4,0,0,62.22,62.22,0
"1",52213,4,0,0,67.68,67.68,0
"1",55212,4,0,0,66.5,66.5,0
"1",63613,4,0,0,64.78,64.78,0
"1",64815,4,0,0,63.01,63.01,0
"1",73812,4,0,0,62.24,62.24,0
"1",81012,4,0,0,62.24,62.24,0
"0",1812,5,1,0,62.24,62.24,0
"0",3013,5,1,0,62.24,62.24,0
"0",3613,5,1,0,62.24,62.24,0
"1",45013,5,1,0,65.57,65.57,0
"0",52813,5,1,0,66.69,66.69,0
"1",58812,5,1,0,66.73,66.73,0
"0",19212,6,1,0,62.24,62.24,0
"0",20413,6,1,0,62.24,62.24,0
"0",26411,6,1,0,62.49,62.49,0
"0",31213,6,1,0,63.22,63.22,0
"0",48012,6,1,0,66.42,66.42,0
"0",50421,6,1,0,66.46,66.46,0
"0",52813,6,1,0,66.46,66.46,0
"0",59412,6,1,0,65.18,65.18,0
"1",64817,6,1,0,63.24,63.24,0
"1",85214,6,1,0,63.24,63.24,0
"0",2413,0,0,0,63.24,63.24,0
"0",24614,0,0,0,62.24,62.24,0
"0",25214,0,0,0,62.24,62.24,0
"0",26412,0,0,0,62.24,62.24,0
"1",49214,0,0,0,66.27,66.27,0
"1",54014,0,0,0,66.69,66.69,0
"1",66012,0,0,0,65.77,65.77,0
"1",73212,0,0,0,65.77,65.77,0
"1",79215,0,0,0,64.59,64.59,0
"1",1813,1,0,0,63.32,63.32,0
"1",31214,1,0,0,62.49,62.49,0
"0",45614,1,0,0,70,70,0
"1",57616,1,0,0,70.01,70.01,0
"1",61216,1,0,0,68.89,68.89,0
"1",63013,1,0,0,68.89,68.89,0
"1",70814,1,0,0,66.01,66.01,0
"1",76813,1,0,0,65,65,0
"0",24616,2,0,0,60.12,60.12,0
"0",27012,2,0,0,61.08,61.08,0
"1",36015,2,0,0,66.05,66.05,0
"1",46215,2,0,0,71,71,0
"1",52213,2,0,0,70.23,70.23,0
"1",55812,2,0,0,70.23,70.23,0
"1",81013,2,0,0,61.28,61.28,0
"0",28213,3,0,0,60,60,0
"1",57014,3,0,0,68.76,68.76,0
"1",67813,3,0,0,67.36,67.36,0
"1",68415,4,0,0,63.74,63.74,0
"1",71416,4,0,0,63.74,63.74,0
"0",21614,5,1,0,59.09,59.09,0
"1",32414,5,1,0,61.95,61.95,0
"0",36015,5,1,0,62.42,62.42,0
"0",39614,5,1,0,64.32,64.32,0
"1",52813,5,1,0,66.19,66.19,0
"1",66614,5,1,0,65.29,65.29,0
"0",23412,6,1,0,60.04,60.04,0
"0",27613,6,1,0,60.24,60.24,0
"0",30612,6,1,0,60.77,60.77,0
"0",50414,6,1,0,65.97,65.97,0
"0",53414,6,1,0,65.97,65.97,0
"1",81615,6,1,0,63.24,63.24,0
"0",27014,0,0,0,60.96,60.96,0
"0",37213,0,0,0,62.15,62.15,0
"1",37813,1,0,0,64.01,64.01,0
"1",38413,1,0,0,64.01,64.01,0
"1",39614,1,0,0,63.46,63.46,0
"1",59419,1,0,0,67.5,67.5,0
"1",31815,2,0,0,62.24,62.24,0
"1",58812,2,0,0,65.7,65.7,0
"1",60014,2,0,0,65.7,65.7,0
"1",67814,2,0,0,63.97,63.97,0
"1",73813,2,0,0,64,64,0
"1",28,3,0,0,62.98,62.98,0
"0",19812,3,0,0,59.76,59.76,0
"1",34212,3,0,0,62.46,62.46,0
"0",38413,3,0,0,64.39,64.39,0
"1",52212,3,0,0,67.1,67.1,0
"0",22812,4,0,0,58.6,58.6,0
"0",24013,4,0,0,58.6,58.6,0
"1",34812,4,0,0,63.24,63.24,0
"1",41412,4,0,0,67.93,67.93,0
"1",55814,4,0,0,69.98,69.98,0
"1",60615,4,0,0,70.39,70.39,0
"1",62415,4,0,0,68.93,68.93,0
"1",69612,4,0,0,65.84,65.84,0
"1",73212,4,0,0,65.05,65.05,0
"0",84012,4,0,0,64.26,64.26,0
"0",21619,5,1,0,60.52,60.52,0
"0",33612,5,1,0,64.51,64.51,0
"0",51612,5,1,0,67.27,67.27,0
"0",52215,5,1,0,67.27,67.27,0
"1",59413,5,1,0,65.07,65.07,0
"1",63018,5,1,0,64.55,64.55,0
"1",63619,5,1,0,64.55,64.55,0
"1",64823,5,1,0,63.45,63.45,0
"1",66613,5,1,0,63.45,63.45,0
"0",78013,5,1,0,61.49,61.49,0
"0",81012,5,1,0,62.24,62.24,0
"0",81613,5,1,0,62.24,62.24,0
"0",84012,5,1,0,62.24,62.24,0
"0",30011,6,1,0,62.93,62.93,0
"0",32414,6,1,0,63.73,63.73,0
"0",49213,6,1,0,65.24,65.24,0
"1",67214,6,1,0,64,64,0
"1",74414,6,1,0,64,64,0
"1",82819,6,1,0,59.55,59.55,0
"0",3614,0,0,0,57.72,57.72,0
"0",19812,0,0,0,57.49,57.49,0
"0",23412,0,0,0,56.53,56.53,0
"1",30011,0,0,0,57.16,57.16,0
"0",34813,0,0,0,58.24,58.24,0
"1",52214,0,0,0,62.49,62.49,0
"1",53415,0,0,0,62.49,62.49,0
"0",19813,1,0,0,54.54,54.54,0
"0",22812,1,0,0,55.09,55.09,0
"0",51613,1,0,0,62.69,62.69,0
"1",63012,1,0,0,61.24,61.24,0
"1",66613,1,0,0,61,61,0
"1",75015,1,0,0,59.24,59.24,0
"1",75616,1,0,0,59.23,59.23,0
"1",78014,1,0,0,59.23,59.23,0
"1",85815,1,0,0,56.99,56.99,0
"0",21617,2,0,0,55.7,55.7,0
"0",49216,2,0,0,63.97,63.97,0
"1",62472,2,0,0,61.53,61.53,0
"1",64903,2,0,0,60.28,60.28,0
"1",73212,2,0,0,58.27,58.27,0
"1",75015,2,0,0,58.27,58.27,0
"1",80451,2,0,0,56.72,56.72,0
"1",2419,3,0,0,53.82,53.82,0
"0",32418,3,0,0,57.84,57.84,0
"0",34219,3,0,0,57.84,57.84,0
"1",35424,3,0,0,57.84,57.84,0
"1",37212,3,0,0,58.51,58.51,0
"1",54015,3,0,0,61.54,61.54,0
"1",80413,3,0,0,61.54,61.54,0
"0",1812,4,0,0,61.54,61.54,0
"0",19212,4,0,0,61.54,61.54,0
"0",24013,4,0,0,61.54,61.54,0
"0",26413,4,0,0,61.54,61.54,0
"1",42014,4,0,0,61.54,61.54,0
"1",48614,4,0,0,61.54,61.54,0
"1",50416,4,0,0,61.54,61.54,0
"1",76812,4,0,0,61.54,61.54,0
"1",81614,4,0,0,61.54,61.54,0
"0",36,5,1,0,61.54,61.54,0
"0",1215,5,1,0,61.54,61.54,0
"1",59507,5,1,0,62.75,62.75,0
"1",60012,5,1,0,62.75,62.75,0
"1",70813,5,1,0,61.17,61.17,0
"1",72015,5,1,0,60.45,60.45,0
"0",3016,6,1,0,57.18,57.18,0
"0",19212,6,1,0,53.75,53.75,0
"0",32414,6,1,0,57.1,57.1,0
"1",39615,6,1,0,58.73,58.73,0
"1",42017,6,1,0,58.73,58.73,0
"1",45012,6,1,0,60,60,0
"0",46214,6,1,0,60,60,0
"1",49212,6,1,0,61.27,61.27,0
"1",52813,6,1,0,61.64,61.64,0
"1",70814,6,1,0,58,58,0
"0",26411,0,0,0,52.91,52.91,0
"1",38414,0,0,0,53.37,53.37,0
"1",53414,0,0,0,56.64,56.64,0
"1",60013,0,0,0,56.64,56.64,0
"1",61214,0,0,0,56,56,0
"1",74413,0,0,0,54.63,54.63,0
"1",85814,0,0,0,53.36,53.36,0
"0",24615,1,0,0,47.56,49.47,0
"0",30613,1,0,0,50.73,50.73,0
"1",33613,1,0,0,52.24,52.24,0
"1",36015,1,0,0,54.14,54.14,0
"1",45614,1,0,0,57.42,57.42,0
"1",49816,1,0,0,58.95,58.95,0
"1",55813,1,0,0,59.3,59.3,0
"1",68421,1,0,0,56.07,56.07,0
"1",70213,1,0,0,56.07,56.07,0
"1",77414,1,0,0,54.58,54.58,0
"1",85817,1,0,0,52.12,52.12,0
"0",31818,2,0,0,51.96,51.96,0
"1",37231,2,0,0,54.95,54.95,0
"1",43222,2,0,0,57.18,57.18,0
"1",63014,2,0,0,59.39,59.39,0
"1",66612,2,0,0,59.21,59.21,0
"1",72017,2,0,0,58.87,58.87,0
"1",78012,2,0,0,58.7,58.7,0
"1",85213,2,0,0,58.31,58.31,0
"0",21619,3,0,0,56.9,56.9,0
"0",23413,3,0,0,56.9,56.9,0
"0",28214,3,0,0,56.75,56.75,0
"0",35422,3,0,0,56.53,56.53,0
"1",37826,3,0,0,56.46,56.46,0
"1",67247,3,0,0,58.44,58.44,0
"1",76813,3,0,0,55.36,55.36,0
"1",18,4,0,0,53.36,53.36,0
"0",21015,4,0,0,51.3,51.3,0
"0",30012,4,0,0,53.93,53.93,0
"1",42614,4,0,0,60.4,60.4,0
"1",45613,4,0,0,63.16,63.16,0
"1",49814,4,0,0,65.08,65.08,0
"1",56413,4,0,0,64.73,64.73,0
"1",72017,4,0,0,58.55,58.55,0
"1",75613,4,0,0,56.67,56.67,0
"0",3615,5,1,0,53.68,53.68,0
"0",31212,5,1,0,53.97,53.97,0
"1",44411,5,1,0,59.92,59.92,0
"1",45612,5,1,0,59.92,59.92,0
"1",59412,5,1,0,60.34,60.34,0
"1",71413,5,1,0,58.24,58.24,0
"0",75013,5,1,0,58.33,58.33,0
"0",21614,6,1,0,55.05,55.05,0
"0",28213,6,1,0,55.51,55.51,0
"1",85814,6,1,0,52.51,52.51,0
"0",3014,0,0,0,51.78,51.78,0
"0",24614,0,0,0,44.04,48.22,0
"0",27613,0,0,0,50.03,50.03,0
"0",51613,0,0,0,61.22,61.22,0
"1",67814,0,0,0,56.24,56.24,0
"1",79216,0,0,0,54.28,54.28,0
"1",85214,0,0,0,53.51,53.51,0
"1",36017,1,0,0,58.11,58.11,0
"1",57018,1,0,0,62,62,0
"1",72014,1,0,0,57.97,57.97,0
"1",73212,1,0,0,57.97,57.97,0
"1",75616,1,0,0,57.77,57.77,0
"1",79215,1,0,0,56.22,56.22,0
"1",82214,1,0,0,56.22,56.22,0
"0",27614,2,0,0,55.79,55.79,0
"0",31215,2,0,0,55.7,55.7,0
"0",35414,2,0,0,56.11,56.11,0
"1",46214,2,0,0,60.39,60.39,0
"1",49216,2,0,0,61.43,61.43,0
"1",63619,2,0,0,62.78,62.78,0
"1",68429,2,0,0,59.32,59.32,0
"1",70234,2,0,0,59.32,59.32,0
"0",20413,3,0,0,53.17,53.17,0
"1",36014,3,0,0,59.88,59.88,0
"1",48613,3,0,0,67.09,67.09,0
"1",74413,3,0,0,61.75,61.75,0
"1",75616,3,0,0,60.79,60.79,0
"1",84612,3,0,0,59.1,59.1,0
"1",85212,3,0,0,59.1,59.1,0
"1",3015,4,0,0,58.43,58.43,0
"0",30012,4,0,0,57.66,57.66,0
"1",44412,4,0,0,63.33,63.33,0
"1",56413,4,0,0,60.17,60.17,0
"1",70212,4,0,0,57.59,57.59,0
"1",44412,5,1,0,67.34,67.34,0
"1",52213,5,1,0,70,70,0
"1",56413,5,1,0,69,69,0
"1",61215,5,1,0,65.65,65.65,0
"1",63012,5,1,0,65.65,65.65,0
"1",66011,5,1,0,62.46,62.46,0
"1",70813,5,1,0,61.04,61.04,0
"1",78013,5,1,0,58.49,58.49,0
"1",78614,5,1,0,58.49,58.49,0
"0",84612,5,1,0,57.27,57.27,0
"0",24614,6,1,0,53.05,53.05,0
"0",33612,6,1,0,59.5,59.5,0
"1",56413,6,1,0,66.13,66.13,0
"1",58812,6,1,0,64.47,64.47,0
"1",75013,6,1,0,60.24,60.24,0
"1",81013,6,1,0,58.24,58.24,0
"0",31214,0,0,0,53,53,0
"1",37814,0,0,0,54.24,54.24,0
"1",39015,0,0,0,54.24,54.24,0
"1",48612,0,0,0,54.72,54.72,0
"1",51612,0,0,0,55.24,55.24,0
"1",55212,0,0,0,55.09,55.09,0
"1",67814,0,0,0,54.49,54.49,0
"1",80412,0,0,0,55.33,55.33,0
"1",85814,0,0,0,55.33,55.33,0
"0",33612,1,0,0,56.2,56.2,0
"0",37212,1,0,0,55,55,0
"1",48012,1,0,0,56.01,56.01,0
"1",55212,1,0,0,55.01,55.01,0
"1",64214,1,0,0,52.53,52.53,0
"1",72014,1,0,0,51,51,0
"0",84011,1,0,0,49.69,49.69,0
"0",27013,2,0,0,45.69,45.69,0
"0",41413,2,0,0,46.31,49.65,0
"0",45014,2,0,0,50.66,50.66,0
"0",50415,2,0,0,52.94,52.94,0
"1",55213,2,0,0,53.61,53.61,0
"1",55813,2,0,0,53.61,53.61,0
"1",59414,2,0,0,52.97,52.97,0
"0",66013,2,0,0,51.72,51.72,0
"0",72014,2,0,0,47.5,49.11,0
"0",74413,2,0,0,47.5,49.11,0
"0",32416,3,0,0,47.36,47.96,0
"0",49212,3,0,0,53.44,53.44,0
"0",55211,3,0,0,55.05,55.05,0
"0",63012,3,0,0,52.51,52.51,0
"0",64213,3,0,0,52.51,52.51,0
"0",79214,3,0,0,46.75,49.99,0
"0",82214,3,0,0,46.75,49.99,0
"0",24014,4,0,0,44.16,47.78,0
"0",24614,4,0,0,44.16,47.78,0
"0",25215,4,0,0,42.98,46.22,0
"0",31214,4,0,0,46.23,48.56,0
"0",32415,4,0,0,50.49,50.49,0
"0",33612,4,0,0,50.49,50.49,0
"0",50414,4,0,0,57.28,57.28,0
"1",63613,4,0,0,54.05,54.05,0
"1",66011,4,0,0,52,52,0
"1",67813,4,0,0,52,52,0
"1",68413,4,0,0,51.56,51.56,0
"0",77412,4,0,0,46.95,47.81,0
"0",23412,5,1,0,45.8,47.51,0
"0",53414,5,1,0,55.73,55.73,0
"0",56413,5,1,0,55.24,55.24,0
"0",74413,5,1,0,51.32,51.32,0
"0",19812,6,1,0,45.29,46.44,0
"0",26411,6,1,0,47.05,47.94,0
"0",28814,6,1,0,47.31,48.51,0
"0",32414,6,1,0,49.83,49.83,0
"0",48612,6,1,0,55.18,55.18,0
"1",55211,6,1,0,55.99,55.99,0
"1",64814,6,1,0,52.8,52.8,0
"0",25215,0,0,0,45.36,45.36,0
"0",31814,0,0,0,45.71,47.03,0
"0",37812,0,0,0,49.28,49.28,0
"1",52213,0,0,0,52.03,52.03,0
"1",58812,0,0,0,51,51,0
"1",42013,1,0,0,52.48,52.48,0
"0",45015,1,0,0,54.21,54.21,0
"1",51612,1,0,0,58.28,58.28,0
"0",52813,1,0,0,58.28,58.28,0
"1",1214,2,0,0,50.27,50.27,0
"0",21014,2,0,0,51,51,0
"0",24013,2,0,0,51.51,51.51,0
"0",30013,2,0,0,51.76,51.76,0
"0",53503,2,0,0,58.4,58.4,0
"1",67813,2,0,0,54.73,54.73,0
"1",73812,2,0,0,55.04,55.04,0
"1",75614,2,0,0,53.53,53.53,0
"1",80412,2,0,0,52.8,52.8,0
"1",84012,2,0,0,51.35,51.35,0
"1",85213,2,0,0,51.35,51.35,0
"0",20413,3,0,0,48.2,49.08,0
"1",33612,3,0,0,57.59,57.59,0
"1",49814,3,0,0,58.55,58.55,0
"1",55812,3,0,0,59.23,59.23,0
"1",67220,3,0,0,58.05,58.05,0
"1",77412,3,0,0,54.67,54.67,0
"1",78613,3,0,0,54.67,54.67,0
"1",85216,3,0,0,51.73,51.73,0
"0",28214,4,0,0,50.61,50.61,0
"0",28815,4,0,0,51.52,51.52,0
"1",34814,4,0,0,52.28,52.28,0
"1",45012,4,0,0,54,54,0
"1",50414,4,0,0,54,54,0
"1",67212,4,0,0,54,54,0
"0",85812,4,0,0,54,54,0
"0",22811,5,1,0,54,54,0
"0",27012,5,1,0,54,54,0
"0",28213,5,1,0,54,54,0
"1",36028,5,1,0,54,54,0
"1",43214,5,1,0,54,54,0
"1",45012,5,1,0,54,54,0
"1",56413,5,1,0,54,54,0
"1",74415,5,1,0,54,54,0
"1",75016,5,1,0,54,54,0
"1",82218,5,1,0,54,54,0
"0",84011,5,1,0,54,54,0
"0",3019,6,1,0,54,54,0
"0",25212,6,1,0,54,54,0
"1",37211,6,1,0,54.49,54.49,0
"1",42612,6,1,0,55.8,55.8,0
"1",48611,6,1,0,55.54,55.54,0
"0",50413,6,1,0,56.72,56.72,0
"1",51610,6,1,0,56.72,56.72,0
"1",52812,6,1,0,56.72,56.72,0
"1",55211,6,1,0,57.22,57.22,0
"1",77412,6,1,0,59.05,59.05,0
"1",13,0,0,0,56.29,56.29,0
"0",19211,0,0,0,57.04,57.04,0
"1",43214,0,0,0,56.78,56.78,0
"1",63613,0,0,0,57.05,57.05,0
"1",66613,0,0,0,56.45,56.45,0
"1",70212,0,0,0,56.24,56.24,0
"1",1212,1,0,0,53.77,53.77,0
"0",19812,1,0,0,54.05,54.05,0
"0",21613,1,0,0,53.97,53.97,0
"0",24613,1,0,0,53.97,53.97,0
"0",30612,1,0,0,55.55,55.55,0
"1",39013,1,0,0,56.52,56.52,0
"1",44412,1,0,0,57.83,57.83,0
"1",46814,1,0,0,58.08,58.08,0
"0",53416,1,0,0,59.77,59.77,0
"1",56413,1,0,0,58.47,58.47,0
"1",58812,1,0,0,59.39,59.39,0
"1",72014,1,0,0,57.32,57.32,0
"0",3613,2,0,0,56.39,56.39,0
"0",22813,2,0,0,56.28,56.28,0
"0",25216,2,0,0,55.8,55.8,0
"0",35437,2,0,0,57.83,57.83,0
"1",55812,2,0,0,62.07,62.07,0
"1",56413,2,0,0,62.07,62.07,0
"1",66011,2,0,0,61,61,0
"1",72013,2,0,0,60.18,60.18,0
"0",26411,3,0,0,56.5,56.5,0
"0",27612,3,0,0,56.5,56.5,0
"0",35417,3,0,0,58.53,58.53,0
"1",37211,3,0,0,59.22,59.22,0
"1",60613,3,0,0,54.77,54.77,0
"1",62412,3,0,0,55.47,55.47,0
"1",72027,3,0,0,53,53,0
"1",75622,3,0,0,52.49,52.49,0
"1",78620,3,0,0,52.49,52.49,0
"1",79225,3,0,0,52.51,52.51,0
"0",15,4,0,0,52.76,52.76,0
"0",21614,4,0,0,46.07,47.81,0
"0",22811,4,0,0,46.07,47.81,0
"0",30012,4,0,0,50.84,50.84,0
"1",76812,4,0,0,53.24,53.24,0
"1",40816,5,1,0,53.6,53.6,0
"0",72023,5,1,0,55.24,55.24,0
"1",78627,5,1,0,55.49,55.49,0
"0",27012,6,1,0,52.69,52.69,0
"0",41412,6,1,0,53.97,53.97,0
"1",74412,6,1,0,45.98,50,0
"0",24013,0,0,0,41.67,46.27,0
"0",31213,0,0,0,42.93,47.76,0
"0",34814,0,0,0,43.72,48.76,0
"1",39629,0,0,0,51.42,51.42,0
"1",40819,0,0,0,51.42,51.42,0
"1",52213,0,0,0,55.22,55.22,0
"1",52814,0,0,0,55.22,55.22,0
"1",57615,0,0,0,54.53,54.53,0
"1",62415,0,0,0,53.24,53.24,0
"0",21014,1,0,0,42.41,46.27,0
"0",24015,1,0,0,41.79,45.54,0
"0",27014,1,0,0,44.32,46.51,0
"0",45613,1,0,0,55.43,55.43,0
"1",49214,1,0,0,56.43,56.43,0
"0",49814,1,0,0,56.43,56.43,0
"1",62412,1,0,0,53.76,53.76,0
"1",66012,1,0,0,52.83,52.83,0
"1",66613,1,0,0,52.83,52.83,0
"1",81612,1,0,0,46.79,46.79,0
"0",30012,2,0,0,46.28,46.28,0
"0",34212,2,0,0,47.52,48.28,0
"1",42014,2,0,0,51.11,51.11,0
"1",43215,2,0,0,52.33,52.33,0
"1",48012,2,0,0,54,54,0
"0",51612,2,0,0,55.67,55.67,0
"1",58811,2,0,0,54,54,0
"0",75014,2,0,0,48.94,48.94,0
"1",75614,2,0,0,46.08,48.67,0
"1",80412,2,0,0,47.82,47.82,0
"0",22812,3,0,0,42.9,46,0
"0",26412,3,0,0,41.42,45.61,0
"0",31814,3,0,0,45.25,47.01,0
"1",66612,3,0,0,54.05,54.05,0
"1",70813,3,0,0,53.49,53.49,0
"0",75613,3,0,0,52.05,52.05,0
"0",39014,4,0,0,53.55,53.55,0
"0",46842,4,0,0,56.63,56.63,0
"0",48628,4,0,0,56.63,56.63,0
"0",57615,4,0,0,55.87,55.87,0
"0",73213,4,0,0,52.24,52.24,0
"0",73813,4,0,0,52.24,52.24,0
"0",76811,4,0,0,51.53,51.53,0
"0",1812,5,1,0,51.67,51.67,0
"0",26411,5,1,0,50.49,50.49,0
"0",39013,5,1,0,53.69,53.69,0
"0",41412,5,1,0,54.42,54.42,0
"0",42013,5,1,0,54.42,54.42,0
"1",45012,5,1,0,54.42,54.42,0
"1",46814,5,1,0,55,55,0
"0",49213,5,1,0,55,55,0
"0",58810,5,1,0,53.39,53.39,0
"0",74412,5,1,0,51,51,0
"0",80411,5,1,0,47.28,49.8,0
"0",30613,6,1,0,43.6,47.49,0
"0",38412,6,1,0,50.05,50.05,0
"0",40811,6,1,0,50.77,50.77,0
"0",43213,6,1,0,51.32,51.32,0
"0",45614,6,1,0,51.32,51.32,0
"0",49213,6,1,0,50.32,50.32,0
"0",57613,6,1,0,50.18,50.18,0
"1",60013,6,1,0,50.18,50.18,0
"1",64813,6,1,0,50.33,50.33,0
"0",1811,0,0,0,50.77,50.77,0
"0",28213,0,0,0,52.72,52.72,0
"0",31214,0,0,0,53.39,53.39,0
"0",55211,0,0,0,58.24,58.24,0
"0",58811,0,0,0,58.24,58.24,0
"1",63612,0,0,0,58.24,58.24,0
"0",67813,0,0,0,57.97,57.97,0
"0",77411,0,0,0,57.04,57.04,0
"0",85812,0,0,0,58.28,58.28,0
"0",70212,1,0,0,54.78,54.78,0
"0",71414,1,0,0,54.78,54.78,0
"0",73211,1,0,0,55.24,55.24,0
"0",84011,1,0,0,53,53,0
"0",13,2,0,0,52.51,52.51,0
"0",28216,2,0,0,51.67,51.67,0
"0",39613,2,0,0,54.7,54.7,0
"0",48613,2,0,0,55.18,55.18,0
"0",82213,2,0,0,50.18,50.18,0
"0",2412,3,0,0,49.88,49.88,0
"0",24012,3,0,0,50.24,50.24,0
"0",33611,3,0,0,49.24,49.24,0
"0",45011,3,0,0,52.73,52.73,0
"0",67812,3,0,0,43.83,47.27,0
"0",85812,3,0,0,43.49,46.27,0
"0",1212,4,0,0,43.42,46,0
"0",34812,4,0,0,44.12,46.8,0
"0",37812,4,0,0,44.13,47.45,0
"0",40811,4,0,0,44.4,48.42,0
"0",46212,4,0,0,46.02,49.69,0
"0",46813,4,0,0,50.42,50.42,0
"0",52812,4,0,0,51.42,51.42,0
"0",75012,4,0,0,44.46,47.5,0
"0",75613,4,0,0,44.69,46.27,0
"0",77411,4,0,0,44.69,46.27,0
"0",81011,4,0,0,43.63,46.3,0
"0",33611,5,1,0,44.57,47.53,0
"0",37811,5,1,0,48.58,49.15,0
"0",55812,5,1,0,53.42,53.42,0
"0",72014,5,1,0,44.69,47.5,0
"0",37212,6,1,0,40.9,43.45,0
"0",46813,6,1,0,42.41,45.93,0
"0",57614,6,1,0,47,47,0
"0",81612,6,1,0,43.15,45.58,0
"0",82212,6,1,0,43.15,45.58,0
"0",3615,0,0,0,38.37,42.22,0
"0",39013,0,0,0,44.97,44.97,0
"0",41412,0,0,0,45.38,45.38,0
"0",54013,0,0,0,47.97,49.42,0
"0",63012,0,0,0,48.24,48.24,0
"0",24614,1,0,0,41.79,41.79,0
"0",39012,1,0,0,46.55,47.72,0
"0",41411,1,0,0,46.54,47.89,0
"1",42616,1,0,0,46.54,47.89,0
"0",48012,1,0,0,52.05,52.05,0
"1",63616,1,0,0,51.53,51.53,0
"0",69613,1,0,0,48.39,48.39,0
"0",70215,1,0,0,48.39,48.39,0
"0",73213,1,0,0,47.31,47.31,0
"0",84012,1,0,0,44.39,44.39,0
"0",2415,2,0,0,42.92,44.52,0
"0",35416,2,0,0,45.49,45.49,0
"0",36018,2,0,0,47.5,47.5,0
"0",42015,2,0,0,45.89,47.72,0
"0",49216,2,0,0,44.23,46.28,0
"1",61218,2,0,0,43.65,47.24,0
"0",67216,2,0,0,43.92,47.8,0
"0",81015,2,0,0,45.51,47.03,0
"0",24017,3,0,0,38.38,40.78,0
"0",30613,3,0,0,40.79,44.48,0
"0",32419,3,0,0,42.11,46.27,0
"0",33614,3,0,0,42.11,46.27,0
"0",38415,3,0,0,43.98,47.45,0
"0",41413,3,0,0,44.81,48.66,0
"0",58813,3,0,0,51.53,51.53,0
"0",59415,3,0,0,51.53,51.53,0
"0",62413,3,0,0,50.39,50.39,0
"0",67816,3,0,0,47.28,49.11,0
"0",71418,3,0,0,45.68,47.8,0
"0",82817,3,0,0,42.7,44.54,0
"0",3619,4,0,1,40.53,43.58,0
"0",25216,4,0,1,38.47,41.28,0
"0",27614,4,0,1,38.47,41.28,0
"0",36021,4,0,1,45.28,46.42,0
"0",37212,4,0,1,45.28,46.42,0
"0",43219,4,0,1,44.12,47.97,0
"0",58813,4,0,1,44.81,47.73,0
"0",59415,4,0,1,44.81,47.73,0
"1",64217,4,0,1,44.89,46.8,0
"0",71417,4,0,1,43.37,46,0
"0",78616,4,0,1,41.89,46,0
"0",1210,5,1,0,41.55,45.32,0
"0",28818,5,1,0,42.1,45.8,0
"0",45613,5,1,0,47.83,49.81,0
"0",52212,5,1,0,49.73,49.73,0
"0",60615,5,1,0,50.08,50.08,0
"0",61216,5,1,0,47.67,49,0
"0",70816,5,1,0,46.06,48.51,0
"0",84011,5,1,0,47.8,47.8,0
"0",19813,6,1,0,45.3,47.51,0
"0",31817,6,1,0,49.24,49.24,0
"0",39621,6,1,0,52.51,52.51,0
"0",40811,6,1,0,52.51,52.51,0
"0",43217,6,1,0,53.24,53.24,0
"0",46217,6,1,0,53.24,53.24,0
"0",53417,6,1,0,55.3,55.3,0
"0",73211,6,1,0,52,52,0
"0",78619,6,1,0,51.28,51.28,0
"0",81017,6,1,0,50.53,50.53,0
"0",20416,0,0,0,48.28,48.28,0
"0",24619,0,0,0,48.39,48.39,0
"1",46220,0,0,0,53.89,53.89,0
"1",67219,0,0,0,54.85,54.85,0
"0",3018,1,0,0,55.12,55.12,0
"0",19212,1,0,0,52.56,52.56,0
"0",21618,1,0,0,51.77,51.77,0
"0",24620,1,0,0,51.77,51.77,0
"0",27015,1,0,0,51.24,51.24,0
"0",30615,1,0,0,51.77,51.77,0
"0",36020,1,0,0,51.49,51.49,0
"0",52816,1,0,0,52.04,52.04,0
"1",64220,1,0,0,53.68,53.68,0
"0",78015,1,0,0,50.76,50.76,0
"0",82833,1,0,0,50.73,50.73,0
"0",22812,2,0,0,50.24,50.24,0
"0",23414,2,0,0,50.24,50.24,0
"0",26420,2,0,0,46.2,49.49,0
"0",34216,2,0,0,50.76,50.76,0
"0",45015,2,0,0,52.83,52.83,0
"0",46220,2,0,0,52.83,52.83,0
"0",2418,3,0,0,46.75,48.97,0
"0",3622,3,0,0,46.54,48.22,0
"0",34215,3,0,0,50.66,50.66,0
"0",36024,3,0,0,50.66,50.66,0
"0",37214,3,0,0,50.66,50.66,0
"1",58814,3,0,0,51.77,51.77,0
"0",64217,3,0,0,51.28,51.28,0
"0",73815,3,0,0,50.08,50.08,0
"0",78619,3,0,0,48.51,48.51,0
"0",85819,3,0,0,46.8,46.8,0
"0",2415,4,0,0,47.24,47.24,0
"0",3018,4,0,0,47.24,47.24,0
"0",19214,4,0,0,46.24,46.24,0
"0",21018,4,0,0,46.24,46.24,0
"0",25219,4,0,0,47.69,47.69,0
"0",28818,4,0,0,48.33,48.33,0
"0",37816,4,0,0,49.73,49.73,0
"0",52818,4,0,0,51.01,51.01,0
"1",62411,4,0,0,51.49,51.49,0
"1",63013,4,0,0,51.49,51.49,0
"0",72020,4,0,0,50.73,50.73,0
"0",75619,4,0,0,50.73,50.73,0
"0",81615,4,0,0,50.67,50.67,0
"0",2416,5,1,0,51.49,51.49,0
"0",3017,5,1,0,51.49,51.49,0
"0",21018,5,1,0,46.62,49.24,0
"0",22812,5,1,0,46.48,49.49,0
"0",34213,5,1,0,51,51,0
"0",43220,5,1,0,53.08,53.08,0
"0",49216,5,1,0,53.32,53.32,0
"0",53416,5,1,0,54.08,54.08,0
"0",57014,5,1,0,53.3,53.3,0
"0",60017,5,1,0,53,53,0
"0",61221,5,1,0,51.97,51.97,0
"0",81014,5,1,0,51,51,0
"0",2413,6,1,0,50.33,50.33,0
"0",19212,6,1,0,50.24,50.24,0
"0",21618,6,1,0,50.04,50.04,0
"0",66014,6,1,0,52.53,52.53,0
"0",66616,6,1,0,52.53,52.53,0
"0",67216,6,1,0,52.53,52.53,0
"0",81015,6,1,0,52.05,52.05,0
"0",18,0,0,0,51.49,51.49,0
"0",1814,0,0,0,51.49,51.49,0
"0",3017,0,0,0,51.49,51.49,0
"0",49823,0,0,0,56.65,56.65,0
"0",51619,0,0,0,57.67,57.67,0
"0",79223,0,0,0,55.24,55.24,0
"0",84617,0,0,0,54.24,54.24,0
"0",2417,1,0,0,53.04,53.04,0
"0",24017,1,0,0,50.24,50.24,0
"0",27014,1,0,0,51.24,51.24,0
"0",31823,1,0,0,51.65,51.65,0
"1",46821,1,0,0,55.19,55.19,0
"0",49216,1,0,0,55.19,55.19,0
"0",50421,1,0,0,55.92,55.92,0
"1",70214,1,0,0,55.08,55.08,0
"0",80413,1,0,0,58.83,58.83,0
"0",20415,2,0,0,57.53,57.53,0
"0",30013,2,0,0,57.53,57.53,0
"1",45617,2,0,0,55.8,55.8,0
"1",46821,2,0,0,56.26,56.26,0
"0",51613,2,0,0,56.97,56.97,0
"0",81014,2,0,0,51.28,51.28,0
"0",2416,3,0,0,48.76,48.76,0
"0",30014,3,0,0,49,49,0
"0",33613,3,0,0,46.3,49.77,0
"0",37814,3,0,0,50.24,50.24,0
"1",57621,3,0,0,51.2,51.2,0
"1",63620,3,0,0,53.67,53.67,0
"1",66614,3,0,0,53.72,53.72,0
"0",1815,4,0,0,56.24,56.24,0
"0",31818,4,0,0,53.65,53.65,0
"0",38415,4,0,0,54.68,54.68,0
"1",42018,4,0,0,55.7,55.7,0
"1",55213,4,0,0,57.8,57.8,0
"1",66615,4,0,0,53.73,53.73,0
"1",67216,4,0,0,53.73,53.73,0
"0",82818,4,0,0,52.04,52.04,0
"0",84020,4,0,0,52.04,52.04,0
"0",22812,5,1,0,53,53,0
"1",50421,5,1,0,58.12,58.12,0
"1",55814,5,1,0,58.12,58.12,0
"1",56415,5,1,0,58.12,58.12,0
"1",59415,5,1,0,58.24,58.24,0
"1",67818,5,1,0,58.04,58.04,0
"0",84613,5,1,0,56.23,56.23,0
"0",21017,6,1,0,56.73,56.73,0
"0",22813,6,1,0,56.24,56.24,0
"0",28819,6,1,0,57.31,57.31,0
"0",32420,6,1,0,57.77,57.77,0
"1",39015,6,1,0,58.56,58.56,0
"1",42016,6,1,0,57.83,57.83,0
"1",55812,6,1,0,57.05,57.05,0
"1",60014,6,1,0,57.05,57.05,0
"1",61218,6,1,0,56.77,56.77,0
"1",71418,6,1,0,57.05,57.05,0
"1",74414,6,1,0,57.28,57.28,0
"0",21618,0,0,1,54.04,54.04,1
"0",27615,0,0,1,53.97,53.97,1
"1",49214,0,0,1,59.33,59.33,1
"1",66013,0,0,1,56.26,56.26,1
"1",74416,0,0,1,55.26,55.26,1
"1",75621,0,0,1,55.53,55.53,1
"1",30013,1,0,0,55.53,55.53,1
"1",39618,1,0,0,60.24,60.24,1
"1",50421,1,0,0,59.98,59.98,1
"1",57619,1,0,0,57.77,57.77,1
"1",72026,1,0,0,55.24,55.24,1
"0",23415,2,0,0,51.55,51.55,1
"1",40814,2,0,0,53.04,53.04,1
"1",42016,2,0,0,53.04,53.04,1
"1",46819,2,0,0,54.45,54.45,1
"1",58814,2,0,0,56.5,56.5,1
"1",30617,3,0,0,54.41,54.41,1
"1",34214,3,0,0,56.21,56.21,1
"1",55214,3,0,0,58.54,58.54,1
"1",60021,3,0,0,58.96,58.96,1
"1",77415,3,0,0,61.04,61.04,1
"0",1814,4,0,0,58.56,58.56,1
"1",30020,4,0,0,55.24,55.24,1
"1",32430,4,0,0,55.69,55.69,1
"1",44447,4,0,0,58,58,1
"1",45048,4,0,0,58,58,1
"1",46862,4,0,0,57.53,57.53,1
"1",73212,4,0,0,58.8,58.8,1
"1",76813,4,0,0,56.18,56.18,1
"0",85817,4,0,0,55.8,55.8,1
"0",24617,5,1,0,56.04,56.04,1
"0",25218,5,1,0,55.77,55.77,1
"1",42022,5,1,0,55.96,55.96,1
"1",51614,5,1,0,55.97,55.97,1
"0",24618,6,1,0,51.72,51.72,1
"1",34815,6,1,0,53.45,53.45,1
"1",57017,6,1,0,56.18,56.18,1
"1",74462,6,1,0,54,54,1
"1",30616,0,0,0,53,53,1
"1",35416,0,0,0,54.01,54.01,1
"1",46817,0,0,0,57.12,57.12,1
"1",49821,0,0,0,57.12,57.12,1
"1",55814,0,0,0,57.7,57.7,1
"1",61217,0,0,0,56.77,56.77,1
"1",63618,0,0,0,56.77,56.77,1
"1",64220,0,0,0,56.77,56.77,1
"1",66013,0,0,0,56.22,56.22,1
"1",70213,0,0,0,55.77,55.77,1
"1",70814,0,0,0,55.77,55.77,1
"1",85218,0,0,0,53.51,53.51,1
"0",21015,1,0,0,50.03,50.03,1
"1",39631,1,0,0,51.84,51.84,1
"1",48022,1,0,0,52.19,52.19,1
"1",70833,1,0,0,54.73,54.73,1
"1",72036,1,0,0,54.24,54.24,1
"1",78028,1,0,0,54.08,54.08,1
"1",82232,1,0,0,53.47,53.47,1
"1",84618,1,0,0,53.27,53.27,1
"1",30014,2,0,0,53.53,53.53,1
"1",45619,2,0,0,57.42,57.42,1
"1",57019,2,0,0,61.28,61.28,1
"1",69612,2,0,0,56.49,56.49,1
"1",82218,2,0,0,53.49,53.49,1
"1",82819,2,0,0,52.27,52.27,1
"1",85818,2,0,0,52.27,52.27,1
"0",27616,3,0,0,51.72,51.72,1
"1",30013,3,0,0,52.04,52.04,1
"1",32420,3,0,0,53.24,53.24,1
"1",41416,3,0,0,55.39,55.39,1
"1",43221,3,0,0,56.36,56.36,1
"1",54018,3,0,0,57.05,57.05,1
"1",58814,3,0,0,57.08,57.08,1
"1",63015,3,0,0,57.35,57.35,1
"0",2422,4,0,0,57.22,57.22,1
"0",24014,4,0,0,56.24,56.24,1
"0",24617,4,0,0,56.24,56.24,1
"1",27615,4,0,0,57.49,57.49,1
"1",28819,4,0,0,57.8,57.8,1
"1",40813,4,0,0,58.53,58.53,1
"1",71418,4,0,0,55.53,55.53,1
"0",1813,5,1,0,54.24,54.24,1
"0",28818,5,1,0,53.69,53.69,1
"1",49215,5,1,0,56.18,56.18,1
"1",51611,5,1,0,56.22,56.22,1
"1",67217,5,1,0,53.73,53.73,1
"0",84012,5,1,0,52.45,52.45,1
"0",23415,6,1,0,46.22,49.27,1
"0",24016,6,1,0,46.22,49.27,1
"0",28817,6,1,0,44.34,48.96,1
"1",48011,6,1,0,54.42,54.42,1
"1",67819,6,1,0,52.24,52.24,1
"1",74415,6,1,0,51,51,1
"1",75619,6,1,0,51,51,1
"1",28217,0,0,0,42.09,47.27,0
"1",36019,0,0,0,51.14,51.14,0
"1",19,1,0,0,48.17,49.59,0
"0",22813,1,0,0,41.23,46.45,0
"1",54015,1,0,0,52.24,52.24,0
"1",55213,1,0,0,52.24,52.24,0
"1",71415,1,0,0,46.06,48,0
"1",79216,1,0,0,42.98,46.8,0
"1",85216,1,0,0,43.72,46.24,0
"0",1822,2,0,0,44.51,46.04,0
"0",28815,2,0,0,47.43,47.43,0
"1",30613,2,0,0,47.43,47.43,0
"1",48612,2,0,0,51.73,51.73,0
"1",49213,2,0,0,51.73,51.73,0
"1",75627,2,0,0,53.26,53.26,0
"1",84618,2,0,0,52.73,52.73,0
"1",32417,3,0,0,53.27,53.27,0
"1",54014,3,0,0,58.1,58.1,0
"1",55813,3,0,0,58.1,58.1,0
"1",56413,3,0,0,58.1,58.1,0
"1",62418,3,0,0,57.73,57.73,0
"1",66012,3,0,0,56.53,56.53,0
"1",73815,3,0,0,55.04,55.04,0
"1",33612,4,0,0,51.42,51.42,0
"0",37813,4,0,0,52.46,52.46,0
"1",38414,4,0,0,52.46,52.46,0
"1",45013,4,0,0,57.08,57.08,0
"1",63013,4,0,0,59.28,59.28,0
"1",73814,4,0,0,54.45,54.45,0
"1",75017,4,0,0,54.45,54.45,0
"0",82815,4,0,0,53.2,53.2,0
"1",37211,5,1,0,55.63,55.63,0
"1",39014,5,1,0,55.63,55.63,0
"1",44412,5,1,0,58.12,58.12,0
"1",48612,5,1,0,60.83,60.83,0
"1",51611,5,1,0,61.37,61.37,0
"1",54014,5,1,0,63.94,63.94,0
"1",55812,5,1,0,63.94,63.94,0
"1",73211,5,1,0,56.93,56.93,0
"1",76811,5,1,0,56.49,56.49,0
"1",81613,5,1,0,55.45,55.45,0
"0",1811,6,1,0,53.96,53.96,0
"0",27612,6,1,0,52.19,52.19,0
"0",28213,6,1,0,52.19,52.19,0
"0",32414,6,1,0,56.92,56.92,0
"1",41412,6,1,0,60.96,60.96,0
"0",84613,6,1,0,60.39,60.39,0
"0",1218,0,0,0,59.49,59.49,0
"0",22813,0,0,0,58.43,58.43,0
"1",30614,0,0,0,59.25,59.25,0
"1",43216,0,0,0,65.28,65.28,0
"1",46816,0,0,0,69.19,69.19,0
"1",64815,0,0,0,67.59,67.59,0
"1",67813,0,0,0,67.59,67.59,0
"1",78613,0,0,0,61.92,61.92,0
"1",82814,0,0,0,58.28,58.28,0
"0",19213,1,0,0,55.76,55.76,0
"1",45013,1,0,0,61.35,61.35,0
"1",81015,1,0,0,58.05,58.05,0
"0",19213,2,0,0,53.55,53.55,0
"0",24615,2,0,0,54.03,54.03,0
"1",31215,2,0,0,55.2,55.2,0
"1",37814,2,0,0,58.84,58.84,0
"1",41415,2,0,0,59.37,59.37,0
"1",43217,2,0,0,61.99,61.99,0
"1",45014,2,0,0,61.99,61.99,0
"0",54016,2,0,0,66,66,0
"1",64820,2,0,0,62.68,62.68,0
"1",75620,2,0,0,60.16,60.16,0
"1",82833,2,0,0,58,58,0
"1",85214,2,0,0,58,58,0
"0",1812,3,0,0,57.73,57.73,0
"0",19213,3,0,0,54.76,54.76,0
"1",28837,3,0,0,57.18,57.18,0
"1",34214,3,0,0,57.91,57.91,0
"0",37214,3,0,0,59.6,59.6,0
"0",54016,3,0,0,65,65,0
"1",60019,3,0,0,64.66,64.66,0
"1",66014,3,0,0,59.97,59.97,0
"0",28216,4,0,0,52.77,52.77,0
"1",35415,4,0,0,55.87,55.87,0
"1",37813,4,0,0,57.84,57.84,0
"1",40813,4,0,0,60.37,60.37,0
"1",66613,4,0,0,62.05,62.05,0
"0",3013,5,1,0,56.49,56.49,0
"1",39614,5,1,0,58.7,58.7,0
"0",49213,5,1,0,61.55,61.55,0
"1",56412,5,1,0,63.57,63.57,0
"1",61214,5,1,0,60.54,60.54,0
"1",67213,5,1,0,59.28,59.28,0
"0",73212,5,1,0,58.52,58.52,0
"0",85213,5,1,0,56.28,56.28,0
"0",1212,6,1,0,55.73,55.73,0
"0",27614,6,1,0,54.89,54.89,0
"0",28815,6,1,0,55.76,55.76,0
"1",38413,6,1,0,61.1,61.1,0
"0",48614,6,1,0,66.53,66.53,0
"0",60613,6,1,0,67.54,67.54,0
"0",76812,6,1,0,60.75,60.75,0
"0",85214,6,1,0,62.24,62.24,0
"0",3614,0,0,1,62.69,62.69,0
"0",19813,0,0,1,58.85,58.85,0
"0",22813,0,0,1,60.28,60.28,0
"0",27013,0,0,1,62.52,62.52,0
"0",39015,0,0,1,63.9,63.9,0
"1",62412,0,0,1,65.95,65.95,0
"1",67214,0,0,1,63.97,63.97,0
"1",77413,0,0,1,62.19,62.19,0
"1",81614,0,0,1,61.77,61.77,0
"0",34214,1,0,0,62.88,62.88,0
"1",45614,1,0,0,70.04,70.04,0
"0",51613,1,0,0,72.72,72.72,0
"1",52214,1,0,0,72.72,72.72,0
"1",53415,1,0,0,72.72,72.72,0
"1",57015,1,0,0,72.02,72.02,0
"1",66613,1,0,0,66.74,66.74,0
"1",77413,1,0,0,63.49,63.49,0
"1",27614,2,0,0,62.06,62.06,0
"0",30013,2,0,0,61.95,61.95,0
"0",30613,2,0,0,61.95,61.95,0
"0",34815,2,0,0,61.72,61.72,0
"1",63614,2,0,0,60.53,60.53,0
"1",66013,2,0,0,53.58,53.58,0
"1",67815,2,0,0,53.58,53.58,0
"1",71429,2,0,0,51.77,51.77,0
"1",76816,2,0,0,52.93,52.93,0
"0",81614,2,0,0,54.18,54.18,0
"0",49814,3,0,0,59.49,59.49,0
"1",58813,3,0,0,58.27,58.27,0
"1",72018,3,0,0,56.24,56.24,0
"1",81013,3,0,0,55.89,55.89,0
"1",82215,3,0,0,55.89,55.89,0
"1",82816,3,0,0,54.72,54.72,0
"1",39618,4,0,0,59.8,59.8,0
"0",1212,5,1,0,51.27,51.27,0
"0",27012,5,1,0,45.15,48.23,0
"0",35414,5,1,0,50.97,50.97,0
"1",56413,5,1,0,58.19,58.19,0
"1",61215,5,1,0,57.5,57.5,0
"1",63013,5,1,0,57.5,57.5,0
"1",64815,5,1,0,56.77,56.77,0
"1",81013,5,1,0,52.33,52.33,0
"0",24613,6,1,0,45.93,48.3,0
"0",26412,6,1,0,46.51,48.66,0
"0",30011,6,1,0,50.73,50.73,0
"0",33613,6,1,0,52.19,52.19,0
"1",34814,6,1,0,52.19,52.19,0
"0",58813,6,1,0,58.73,58.73,0
"1",82815,6,1,0,54,54,0
"0",24014,0,0,0,50.8,50.8,0
"0",26413,0,0,0,52.68,52.68,0
"1",37213,0,0,0,57.85,57.85,0
"1",46817,0,0,0,63.66,63.66,0
"1",48017,0,0,0,63.66,63.66,0
"1",73212,0,0,0,58.95,58.95,0
"1",1212,1,0,0,55.45,55.45,0
"0",28817,1,0,0,55.18,55.18,0
"1",44413,1,0,0,61.68,61.68,0
"0",55842,1,0,0,67.8,67.8,0
"0",58842,1,0,0,66.06,66.06,0
"0",84642,1,0,0,56.24,56.24,0
"0",19842,2,0,0,52.5,52.5,0
"1",59414,2,0,0,65.97,65.97,0
"1",66014,2,0,0,62.51,62.51,0
"1",81014,2,0,0,58.49,58.49,0
"1",85214,2,0,0,57.24,57.24,0
"0",24014,3,0,0,54.55,54.55,0
"0",24615,3,0,0,54.55,54.55,0
"0",30014,3,0,0,56.46,56.46,0
"1",36016,3,0,0,60.92,60.92,0
"0",48615,3,0,0,65.52,65.52,0
"1",60015,3,0,0,69.35,69.35,0
"1",66613,3,0,0,65.49,65.49,0
"1",74416,3,0,0,61.73,61.73,0
"1",79222,3,0,0,59.46,59.46,0
"1",84013,3,0,0,58.46,58.46,0
"0",19813,4,0,0,55.77,55.77,0
"0",22813,4,0,0,56.04,56.04,0
"0",31214,4,0,0,55.26,55.26,0
"1",54015,4,0,0,58.28,58.28,0
"1",60015,4,0,0,57.24,57.24,0
"1",66613,4,0,0,57.76,57.76,0
"1",78615,4,0,0,57.73,57.73,0
"1",81013,4,0,0,57.28,57.28,0
"0",31214,5,1,0,57.18,57.18,0
"1",40812,5,1,0,60.7,60.7,0
"1",42013,5,1,0,60.7,60.7,0
"1",42613,5,1,0,60.7,60.7,0
"1",44413,5,1,0,61.84,61.84,0
"1",52813,5,1,0,62.74,62.74,0
"1",57015,5,1,0,62.95,62.95,0
"1",63014,5,1,0,60.57,60.57,0
"1",66012,5,1,0,59.26,59.26,0
"1",71415,5,1,0,59.26,59.26,0
"1",74414,5,1,0,57.97,57.97,0
"0",85813,5,1,0,56,56,0
"0",19813,6,1,0,53.31,53.31,0
"0",22812,6,1,0,53.31,53.31,0
"0",28817,6,1,0,55.04,55.04,0
"0",38413,6,1,0,57.55,57.55,0
"1",72016,6,1,0,58,58,0
"1",82814,6,1,0,55.76,55.76,0
"0",85814,6,1,0,55.76,55.76,0
"1",31816,0,0,0,52.8,52.8,0
"1",45616,0,0,0,62.16,62.16,0
"1",66013,0,0,0,65.98,65.98,0
"1",78615,0,0,0,62.46,62.46,0
"0",39018,1,0,0,61.87,61.87,0
"0",41425,1,0,0,62.05,62.05,0
"1",51620,1,0,0,65,65,0
"1",58813,1,0,0,62.99,62.99,0
"1",66013,1,0,0,60.26,60.26,0
"1",75619,1,0,0,59.24,59.24,0
"0",3015,2,0,0,57.97,57.97,0
"0",3615,2,0,0,58.01,58.01,0
"0",34215,2,0,0,57.8,57.8,0
"0",42626,2,0,0,60.27,60.27,0
"0",52823,2,0,0,58.93,58.93,0
"1",60622,2,0,0,58.97,58.97,0
"0",2415,3,0,0,60.72,60.72,0
"0",3015,3,0,0,60.72,60.72,0
"0",19814,3,0,0,58.73,58.73,0
"0",21615,3,0,0,58.73,58.73,0
"0",22815,3,0,0,58.73,58.73,0
"0",24616,3,0,0,58.73,58.73,0
"0",36016,3,0,0,59.24,59.24,0
"1",42627,3,0,0,59.22,59.22,0
"0",48018,3,0,0,62,62,0
"1",66615,3,0,0,58.46,58.46,0
"0",71415,3,0,0,58.18,58.18,0
"1",74414,3,0,0,58.53,58.53,0
"1",75615,3,0,0,58.28,58.28,0
"1",82818,3,0,0,59,59,0
"0",19815,4,0,0,58.73,58.73,0
"0",21015,4,0,0,58.73,58.73,0
"0",28817,4,0,0,59.55,59.55,0
"1",51613,4,0,0,62.24,62.24,0
"1",57616,4,0,0,62,62,0
"1",68416,4,0,0,61.77,61.77,0
"0",21014,5,1,0,61.24,61.24,0
"0",21614,5,1,0,61.24,61.24,0
"0",24614,5,1,0,61.24,61.24,0
"0",34213,5,1,0,61.28,61.28,0
"1",48614,5,1,0,61.93,61.93,0
"1",52213,5,1,0,60.73,60.73,0
"1",54015,5,1,0,61.24,61.24,0
"1",55212,5,1,0,61.24,61.24,0
"1",69613,5,1,0,58.8,58.8,0
"0",71415,5,1,0,58.8,58.8,0
"0",74414,5,1,0,56.04,56.04,0
"0",32415,6,1,0,57.65,57.65,0
"0",44412,6,1,0,58,58,0
"0",48613,6,1,0,58,58,0
"0",53415,6,1,0,58,58,0
"1",56414,6,1,0,58,58,0
"1",62413,6,1,0,56.53,56.53,0
"1",67214,6,1,0,55.53,55.53,0
"1",73213,6,1,0,54.24,54.24,0
"0",158,0,0,0,52.24,52.24,0
"0",30038,0,0,0,50.77,50.77,0
"0",34298,0,0,0,50.7,50.7,0
"1",70815,0,0,0,54.8,54.8,0
"1",72016,0,0,0,54.8,54.8,0
"1",84613,0,0,0,53,53,0
"1",85214,0,0,0,53,53,0
"0",37816,1,0,0,54.51,54.51,0
"1",50416,1,0,0,55.45,55.45,0
"1",52214,1,0,0,55.45,55.45,0
"1",71415,1,0,0,52.24,52.24,0
"1",72015,1,0,0,52.53,52.53,0
"1",75018,1,0,0,52.53,52.53,0
"1",77416,1,0,0,52.51,52.51,0
"1",81615,1,0,0,52.24,52.24,0
"0",26413,2,0,0,52.73,52.73,0
"1",30615,2,0,0,53.8,53.8,0
"1",31816,2,0,0,53.8,53.8,0
"0",34816,2,0,0,55.24,55.24,0
"0",52215,2,0,0,60.01,60.01,0
"1",58186,2,0,0,60.43,60.43,0
"1",58813,2,0,0,60.43,60.43,0
"1",60015,2,0,0,60.43,60.43,0
"1",70819,2,0,0,62.01,62.01,0
"1",84614,2,0,0,60.96,60.96,0
"1",16,3,0,0,61.04,61.04,0
"0",3617,3,0,0,60.53,60.53,0
"0",21015,3,0,0,59.97,59.97,0
"1",34816,3,0,0,61.53,61.53,0
"1",37214,3,0,0,62.08,62.08,0
"1",43220,3,0,0,61.41,61.41,0
"1",48615,3,0,0,60.57,60.57,0
"1",51614,3,0,0,60.28,60.28,0
"0",58813,3,0,0,59.53,59.53,0
"1",59415,3,0,0,59.53,59.53,0
"1",67818,3,0,0,60.24,60.24,0
"0",23414,4,0,0,58.49,58.49,0
"0",24014,4,0,0,58.49,58.49,0
"0",32417,4,0,0,55,55,0
"1",63016,4,0,0,54.24,54.24,0
"0",21613,5,1,0,52.42,52.42,0
"0",30012,5,1,0,53,53,0
"1",31215,5,1,0,53,53,0
"1",32416,5,1,0,54.24,54.24,0
"1",55813,5,1,0,55.64,55.64,0
"1",56414,5,1,0,55.64,55.64,0
"1",57015,5,1,0,55.64,55.64,0
"1",58812,5,1,0,53.77,53.77,0
"1",69612,5,1,0,55.22,55.22,0
"0",2414,6,1,0,57.73,57.73,0
"0",28815,6,1,0,57.73,57.73,0
"1",46820,6,1,0,57.73,57.73,0
"1",49816,6,1,0,57.73,57.73,0
"1",67826,6,1,0,57.73,57.73,0
"1",69614,6,1,0,57.73,57.73,0
"1",82823,6,1,0,57.73,57.73,0
"0",19213,0,0,0,55.24,55.24,0
"0",27015,0,0,0,54.51,54.51,0
"0",30615,0,0,0,55.24,55.24,0
"1",36018,0,0,0,56.92,56.92,0
"1",63618,0,0,0,57.97,57.97,0
"1",74416,0,0,0,55.28,55.28,0
"1",76814,0,0,0,54.55,54.55,0
"1",77415,0,0,0,54.55,54.55,0
"1",34215,1,0,0,52.97,52.97,0
"0",37216,1,0,0,54.62,54.62,0
"1",66617,1,0,0,60.32,60.32,0
"1",67819,1,0,0,60.32,60.32,0
"1",1213,2,0,0,54.76,54.76,0
"0",3615,2,0,0,54.76,54.76,0
"0",27623,2,0,0,51.51,51.51,0
"0",28837,2,0,0,54.41,54.41,0
"1",62417,2,0,0,67.16,67.16,0
"1",67215,2,0,0,64.35,64.35,0
"1",68420,2,0,0,62.57,62.57,0
"0",3015,3,0,0,57.49,57.49,0
"1",33617,3,0,0,58.11,58.11,0
"0",38416,3,0,0,61.4,61.4,0
"1",50416,3,0,0,71.2,71.2,0
"1",55213,3,0,0,71.61,71.61,0
"1",72017,3,0,0,61.78,61.78,0
"1",80414,3,0,0,56.22,56.22,0
"1",16,4,0,0,54.77,54.77,0
"0",2415,4,0,0,54.77,54.77,0
"0",35417,4,0,0,53.93,53.93,0
"1",53415,4,0,0,59.15,59.15,0
"1",54016,4,0,0,59.43,59.43,0
"0",82214,4,0,0,55.24,55.24,0
"0",84014,4,0,0,55.24,55.24,0
"0",22813,5,1,0,55,55,0
"0",31213,5,1,0,55.24,55.24,0
"0",48614,5,1,0,60.18,60.18,0
"0",82216,5,1,0,57.24,57.24,0
"0",25214,6,1,0,55.49,55.49,0
"0",41413,6,1,0,60.86,60.86,0
"0",44412,6,1,0,62.34,62.34,0
"0",48615,6,1,0,61.35,61.35,0
"0",53415,6,1,0,60.8,60.8,0
"0",72015,6,1,0,58.24,58.24,0
"0",78014,6,1,0,58,58,0
"0",78615,6,1,0,58,58,0
"0",84613,6,1,0,57.24,57.24,0
"0",1813,0,0,0,57,57,0
"0",21616,0,0,0,54.52,54.52,0
"0",28220,0,0,0,55.14,55.14,0
"0",39617,0,0,0,60.8,60.8,0
"0",40816,0,0,0,60.8,60.8,0
"0",48615,0,0,0,57.68,57.68,0
"0",54015,0,0,0,59.04,59.04,0
"1",63616,0,0,0,57.16,57.16,0
"1",67215,0,0,0,57.24,57.24,0
"1",69614,0,0,0,54.96,54.96,0
"0",76813,0,0,0,56,56,0
"0",81616,0,0,0,55.51,55.51,0
"0",84014,0,0,0,54.32,54.32,0
"0",3016,1,0,0,54.51,54.51,0
"0",27614,1,0,0,53.27,53.27,0
"0",34815,1,0,0,54.18,54.18,0
"0",40817,1,0,0,56.66,56.66,0
"0",55214,1,0,0,58.33,58.33,0
"0",55814,1,0,0,58.33,58.33,0
"0",63014,1,0,0,57.49,57.49,0
"0",76813,1,0,0,55.24,55.24,0
"0",21616,2,0,0,51.07,51.07,0
"0",25216,2,0,0,50.67,50.67,0
"0",43216,2,0,0,60.43,60.43,0
"0",46817,2,0,0,61.37,61.37,0
"0",55814,2,0,0,61.95,61.95,0
"0",85815,2,0,0,56.05,56.05,0
"0",27015,3,0,0,53.69,53.69,0
"0",31817,3,0,0,55.04,55.04,0
"0",42013,3,0,0,58.87,58.87,0
"0",57617,3,0,0,64.54,64.54,0
"0",61215,3,0,0,62.54,62.54,0
"0",67215,3,0,0,61.54,61.54,0
"0",34813,4,0,0,56.72,56.72,0
"0",48015,4,0,0,61.99,61.99,0
"0",77414,4,0,0,58.72,58.72,0
"0",81614,4,0,0,58.33,58.33,0
"0",36015,5,1,0,58.54,58.54,0
"0",79218,5,1,0,58.39,58.39,0
"0",85215,5,1,0,57.76,57.76,0
"0",1814,6,1,0,57.77,57.77,0
"0",27013,6,1,0,55.03,55.03,0
"0",48013,6,1,0,54,54,0
"0",49816,6,1,0,54,54,0
"0",50416,6,1,0,53.79,53.79,0
"0",53416,6,1,0,53.79,53.79,0
"0",60615,6,1,0,53.37,53.37,0
"0",63623,6,1,0,53.16,53.16,0
"0",79223,6,1,0,52.16,52.16,0
"0",84012,6,1,0,51.47,51.47,0
"0",85814,6,1,0,51.47,51.47,0
"0",1814,0,0,0,51.47,51.47,0
"0",3616,0,0,0,51.47,51.47,0
"0",19213,0,0,0,51,51,0
"0",21615,0,0,0,50.76,50.76,0
"0",27615,0,0,0,51,51,0
"0",34223,0,0,0,52.69,52.69,0
"0",45016,0,0,0,57.09,57.09,0
"0",46819,0,0,0,56.69,56.69,0
"1",73814,0,0,0,56.72,56.72,0
"1",48016,1,0,0,58.46,58.46,0
"0",51614,1,0,0,59.7,59.7,0
"1",79220,1,0,0,54.49,54.49,0
"0",85815,1,0,0,54.24,54.24,0
"0",19213,2,0,0,52.76,52.76,0
"0",24618,2,0,0,52.76,52.76,0
"0",26423,2,0,0,53,53,0
"0",28225,2,0,0,53,53,0
"0",31214,2,0,0,53.72,53.72,0
"0",35421,2,0,0,54.51,54.51,0
"0",37814,2,0,0,55.41,55.41,0
"1",60617,2,0,0,56.52,56.52,0
"1",73239,2,0,0,55.63,55.63,0
"1",76814,2,0,0,55.38,55.38,0
"1",81018,2,0,0,55.13,55.13,0
"0",2415,3,0,0,54.67,54.67,0
"0",21620,3,0,0,54,54,0
"0",27619,3,0,0,54.49,54.49,0
"1",42621,3,0,0,57.34,57.34,0
"1",75015,3,0,0,55.49,55.49,0
"1",78015,3,0,0,55.49,55.49,0
"1",85215,3,0,0,54.51,54.51,0
"0",1214,4,0,0,53.97,53.97,0
"0",35423,4,0,0,54.69,54.69,0
"0",39619,4,0,0,56.65,56.65,0
"1",46222,4,0,0,56.65,56.65,0
"1",48617,4,0,0,57.65,57.65,0
"0",51615,4,0,0,58.38,58.38,0
"1",63015,4,0,0,57.97,57.97,0
"1",67815,4,0,0,57.27,57.27,0
"1",70815,4,0,0,55.49,55.49,0
"0",28816,5,1,0,51.24,51.24,0
"0",34215,5,1,0,51.8,51.8,0
"0",54017,5,1,0,60.83,60.83,0
"0",55815,5,1,0,60.83,60.83,0
"0",64217,5,1,0,56.54,56.54,0
"0",76813,5,1,0,53.22,53.22,0
"0",42,6,1,0,52,52,0
"0",30614,6,1,0,51.45,51.45,0
"1",74415,6,1,0,56.24,56.24,0
"1",80407,6,1,0,56.68,56.68,0
"1",81008,6,1,0,56.68,56.68,0
"0",82812,6,1,0,55.77,55.77,0
"0",23416,0,0,0,55.53,55.53,0
"0",30015,0,0,0,55.24,55.24,0
"1",37214,0,0,0,59.13,59.13,0
"1",38417,0,0,0,59.13,59.13,0
"1",42017,0,0,0,59.28,59.28,0
"1",55818,0,0,0,64.51,64.51,0
"1",57622,0,0,0,63.91,63.91,0
"1",60020,0,0,0,63.91,63.91,0
"1",62415,0,0,0,64,64,0
"0",1816,1,0,0,56.82,56.82,0
"0",19815,1,0,0,55.04,55.04,0
"0",25220,1,0,0,56.77,56.77,0
"0",30616,1,0,0,57.66,57.66,0
"1",43222,1,0,0,65.88,65.88,0
"1",48623,1,0,0,68.66,68.66,0
"1",64279,1,0,0,69.34,69.34,0
"1",64882,1,0,0,68.61,68.61,0
"1",70816,1,0,0,66.1,66.1,0
"1",81014,1,0,0,63.64,63.64,0
"1",46219,2,0,0,76.04,76.04,0
"0",51615,2,0,0,77.83,77.83,0
"0",54022,2,0,0,81.52,81.52,0
"1",57622,2,0,0,81.61,81.61,0
"1",60023,2,0,0,81.61,81.61,0
"0",1816,3,0,0,64.88,64.88,0
"0",2417,3,0,0,64.88,64.88,0
"0",24615,3,0,0,58.49,58.49,0
"0",26414,3,0,0,58.72,58.72,0
"0",31816,3,0,0,59.28,59.28,0
"0",35416,3,0,0,60.1,60.1,0
"1",37815,3,0,0,60.36,60.36,0
"1",41416,3,0,0,63.28,63.28,0
"0",44415,3,0,0,63.77,63.77,0
"1",56422,3,0,0,62,62,0
"1",62428,3,0,0,60.91,60.91,0
"1",63630,3,0,0,60.91,60.91,0
"1",69616,3,0,0,60,60,0
"1",73815,3,0,0,60,60,0
"1",77415,3,0,0,59.73,59.73,0
"1",1214,4,0,0,58.76,58.76,0
"0",1815,4,0,0,58.76,58.76,0
"1",45015,4,0,0,59.76,59.76,0
"1",46217,4,0,0,59.76,59.76,0
"1",63617,4,0,0,60.28,60.28,0
"0",85815,4,0,0,57.73,57.73,0
"0",42617,5,1,0,58,58,0
"1",51614,5,1,0,58.78,58.78,0
"0",73213,5,1,0,58,58,0
"0",26414,6,1,0,56.24,56.24,0
"1",36024,6,1,0,56.73,56.73,0
"1",42063,6,1,0,56.97,56.97,0
"0",44413,6,1,0,56.97,56.97,0
"1",63014,6,1,0,57.23,57.23,0
"1",63615,6,1,0,57.23,57.23,0
"1",70215,6,1,0,56.55,56.55,0
"1",72018,6,1,0,56.33,56.33,0
"1",74415,6,1,0,56.33,56.33,0
"1",77415,6,1,0,56.33,56.33,0
"1",78016,6,1,0,56.33,56.33,0
"0",1213,0,0,0,55.53,55.53,0
"0",2415,0,0,0,55.53,55.53,0
"0",21016,0,0,0,55.33,55.33,0
"0",26414,0,0,0,55.51,55.51,0
"1",31217,0,0,0,56.24,56.24,0
"1",67221,0,0,0,57.91,57.91,0
"1",1214,1,0,0,55.5,55.5,0
"0",25217,1,0,0,55.33,55.33,0
"0",26416,1,0,0,55.33,55.33,0
"0",37816,1,0,0,56.69,56.69,0
"0",39623,1,0,0,57.49,57.49,0
"1",40814,1,0,0,57.49,57.49,0
"1",41415,1,0,0,57.49,57.49,0
"1",45622,1,0,0,58.46,58.46,0
"1",67215,1,0,0,56,56,0
"1",67815,1,0,0,56,56,0
"1",80415,1,0,0,56.33,56.33,0
"0",3617,2,0,0,55.24,55.24,0
"1",35417,2,0,0,56.93,56.93,0
"1",37819,2,0,0,57.95,57.95,0
"1",48014,2,0,0,58.62,58.62,0
"1",50417,2,0,0,59.18,59.18,0
"1",60018,2,0,0,59.46,59.46,0
"1",63021,2,0,0,58.46,58.46,0
"0",3016,3,0,0,57,57,0
"0",24615,3,0,0,53,53,0
"0",36017,3,0,0,56.42,56.42,0
"0",48014,3,0,0,59.11,59.11,0
"0",52219,3,0,0,60.61,60.61,0
"1",67225,3,0,0,58.49,58.49,0
"1",71420,3,0,0,56.73,56.73,0
"1",76816,3,0,0,55,55,0
"1",80418,3,0,0,55.2,55.2,0
"0",19815,4,0,0,52.23,52.23,0
"1",48014,4,0,0,64.4,64.4,0
"1",49216,4,0,0,64.4,64.4,0
"0",40815,6,1,0,67.84,67.84,0
"1",63016,6,1,0,73.1,73.1,0
"1",70814,6,1,0,68.79,68.79,0
"1",48015,0,0,0,73.85,73.85,0
"1",50418,0,0,0,73.06,73.06,0
"1",55214,0,0,0,70.06,70.06,0
"1",73817,0,0,0,64.05,64.05,0
"1",74418,0,0,0,64.05,64.05,0
"1",78620,0,0,0,62.54,62.54,0
"0",27016,1,0,0,60.57,60.57,0
"0",31823,1,0,0,62.55,62.55,0
"1",40816,1,0,0,66.23,66.23,0
"1",48638,1,0,0,68.42,68.42,0
"1",34216,2,0,0,60.91,60.91,0
"1",55215,2,0,0,65.52,65.52,0
"1",60023,2,0,0,66.08,66.08,0
"1",69616,2,0,0,61.18,61.18,0
"1",71419,2,0,0,61.18,61.18,0
"1",79220,2,0,0,60,60,0
"1",82216,2,0,0,60,60,0
"1",82816,2,0,0,60,60,0
"0",85818,2,0,0,60,60,0
"0",3615,3,0,0,59.73,59.73,0
"1",52817,3,0,0,65.34,65.34,0
"1",55825,3,0,0,64.54,64.54,0
"1",59416,3,0,0,65.09,65.09,0
"1",60017,3,0,0,65.09,65.09,0
"1",61219,3,0,0,63.51,63.51,0
"1",76815,3,0,0,62,62,0
"0",82821,3,0,0,61.8,61.8,0
"0",19814,4,0,0,58.24,58.24,0
"0",21015,4,0,0,58.24,58.24,0
"0",24617,4,0,0,59.61,59.61,0
"1",48616,4,0,0,58.33,58.33,0
"0",49217,4,0,0,58.33,58.33,0
"1",57619,4,0,0,59,59,0
"1",60015,4,0,0,59,59,0
"1",81014,4,0,0,56.24,56.24,0
"0",1815,5,1,0,56,56,0
"0",33616,5,1,0,57.1,57.1,0
"0",44418,5,1,0,61.28,61.28,0
"0",49814,5,1,0,62,62,0
"0",52814,5,1,0,61.18,61.18,0
"0",55213,5,1,0,61.42,61.42,0
"0",60617,5,1,0,61.46,61.46,0
"1",70817,5,1,0,58.73,58.73,0
"0",1213,6,1,0,57.73,57.73,0
"0",19813,6,1,0,56,56,0
"0",21014,6,1,0,56,56,0
"0",34213,6,1,0,59.67,59.67,0
"0",38415,6,1,0,60.66,60.66,0
"0",42014,6,1,0,61.93,61.93,0
"0",44414,6,1,0,63.15,63.15,0
"0",55814,6,1,0,61.22,61.22,0
"0",61219,6,1,0,59.62,59.62,0
"1",67215,6,1,0,59.06,59.06,0
"1",81614,6,1,0,55.31,55.31,0
"0",20414,0,0,0,51,51,0
"0",21015,0,0,0,51,51,0
"0",37214,0,0,0,56.28,56.28,0
"1",42017,0,0,0,59.22,59.22,0
"1",62415,0,0,0,61.44,61.44,0
"1",71418,0,0,0,58,58,0
"0",2415,1,0,0,55.72,55.72,0
"0",3016,1,0,0,55.72,55.72,0
"0",49842,1,0,0,58.45,58.45,0
"1",59415,1,0,0,60,60,0
"1",71415,1,0,0,56.72,56.72,0
"1",79217,1,0,0,55.53,55.53,0
"1",17,2,0,0,55.97,55.97,0
"0",24617,2,0,0,55,55,0
"0",31816,2,0,0,54.64,54.64,0
"0",35417,2,0,0,55,55,0
"1",43220,2,0,0,57.93,57.93,0
"1",51622,2,0,0,57,57,0
"1",17,3,0,0,55,55,0
"0",26416,3,0,0,55.49,55.49,0
"1",41418,3,0,0,59.57,59.57,0
"1",74416,3,0,0,58.47,58.47,0
"1",77415,3,0,0,57.05,57.05,0
"1",78617,3,0,0,57.05,57.05,0
"1",82216,3,0,0,55.76,55.76,0
"0",85816,3,0,0,55.24,55.24,0
"0",1214,4,0,0,55.33,55.33,0
"0",27620,4,0,0,55.05,55.05,0
"0",31217,4,0,0,55.8,55.8,0
"0",33638,4,0,0,55.8,55.8,0
"1",43241,4,0,0,57.99,57.99,0
"1",57619,4,0,0,62.39,62.39,0
"1",60618,4,0,0,62.39,62.39,0
"1",63618,4,0,0,62.39,62.39,0
"0",19815,5,1,0,58.96,58.96,0
"0",21017,5,1,0,58.96,58.96,0
"0",23414,5,1,0,58.67,58.67,0
"0",24615,5,1,0,58.67,58.67,0
"0",27616,5,1,0,60.49,60.49,0
"0",34825,5,1,0,65.43,65.43,0
"0",36032,5,1,0,67.65,67.65,0
"0",41414,5,1,0,70.22,70.22,0
"0",49817,5,1,0,73.41,73.41,0
"1",63616,5,1,0,74.06,74.06,0
"1",64817,5,1,0,66,66,0
"1",75016,5,1,0,68.55,68.55,0
"0",21615,6,1,0,61.67,61.67,0
"0",37214,6,1,0,66.37,66.37,0
"0",43217,6,1,0,71.56,71.56,0
"0",49215,6,1,0,68.72,68.72,0
"0",79217,6,1,0,55.73,55.73,0
"0",1814,0,0,0,55.73,55.73,0
"0",3616,0,0,0,55.73,55.73,0
"0",19214,0,0,0,54.73,54.73,0
"0",33614,0,0,0,56.61,56.61,0
"1",39619,0,0,0,58.84,58.84,0
"0",43219,0,0,0,58.8,58.8,0
"1",75620,0,0,0,55.72,55.72,0
"0",26415,1,0,0,55.18,55.18,0
"0",31817,1,0,0,55.18,55.18,0
"0",32418,1,0,0,56.18,56.18,0
"0",34817,1,0,0,56.18,56.18,0
"0",42616,1,0,0,58.22,58.22,0
"0",43816,1,0,0,59.33,59.33,0
"1",50423,1,0,0,61.95,61.95,0
"0",85255,0,0,0,57.53,57.53,0
